article_id,slug,group_size,kept_directory,source_directory,csv,row,ad_content,lp_title,lp_url
article_634149b19440,23-everyday-use-cases-of-ai-virtual-agents-already-running-errands-for-you,1,scraped_output\www.discovaz.com\3d1c0f09d094,scraped_output\www.discovaz.com\3d1c0f09d094,adradar_2026-07-14.csv,95,Learn more. Read more info on AI Virtual Agents,23 Everyday Use Cases of AI Virtual Agents Already Running Errands for You - Discovaz,https://www.discovaz.com/dsr?q=use%20cases%20of%20ai%20virtual%20agents&arq=ai+virtual+agents&pub={placement}&rac=use+cases+of+ai+virtual+agents+read+more+info+on+ai+virtual+agents+ai+virtual+agents&asid=a1_ch10618&terms=&locale=en_US&ad_id={creative}
article_be869a762b52,a-friendly-look-at-custom-construction-software-for-modern-builders,1,scraped_output\www.discovaz.com\cc4e90abc98c,scraped_output\www.discovaz.com\cc4e90abc98c,adradar_2026-07-14.csv,101,Learn more. Read more info on Custom Construction Software,A Friendly Look at Custom Construction Software for Modern Builders - Discovaz,https://www.discovaz.com/dsr?q=explore%20more%20about%20custom%20construction%20software&arq=custom+construction+software&pub={placement}&rac=explore+more+about+custom+construction+software+custom+construction+software&asid=a1_ch10313&terms=custom+construction+software&locale=en_US&ad_id={creative}
article_2673105c86d6,a-happy-guide-to-professional-office-cleaning-and-tech-driven-hygiene,1,scraped_output\www.discovaz.com\da11069a4d37,scraped_output\www.discovaz.com\da11069a4d37,adradar_2026-07-14.csv,181,Learn more here. learn about Office cleaning services,A Happy Guide to Professional Office Cleaning and Tech-Driven Hygiene - Discovaz,"https://www.discovaz.com/dsr?q=office%20cleaing&arq=office+cleaning+services&pub={placement}&rac=office+cleaing+start+learning+about+office+cleaning+services+office+cleaning+services&asid=a1_ch7042&terms=janitorial+services+near+me,corporate+cleaning+services,professional+office+cleaners,commercial+cleaning+company,office+sanitization+services&locale=en_US&ad_id={creative}"
article_651ae1d0b4c4,ai-application-security-methods-explained-for-beginners,1,scraped_output\www.discovaz.com\a93060ed249d,scraped_output\www.discovaz.com\a93060ed249d,adradar_2026-07-14.csv,88,Learn More Here. Learn more about AI Application Security,AI Application Security Methods Explained for Beginners - Discovaz,https://www.discovaz.com/dsr?q=ai+application+security+methods+explained&de=mobile&arq=ai+application+security&pub={placement}&rac=learn+more+about+ai+application+security+methods&asid=a1_ch4818&terms=&locale=en_US&ad_id={creative}
article_7668bd07bf9c,ai-helpdesk-basics-for-beginners,1,scraped_output\www.discovaz.com\bfc84c6c8a2e,scraped_output\www.discovaz.com\bfc84c6c8a2e,adradar_2026-07-14.csv,8,See more info about AI Helpdesk. See more info about AI Helpdesk,Discovaz access denied,https://www.discovaz.com/dsr?q=ai+helpdesk&de=mobile&arq=ai+helpdesk&pub={placement}&rac=learn+more+about+ai+helpdesk&asid=a1_ch4819&terms=&locale=en_US&ad_id={creative}
article_8fd0568ef4dd,ai-for-remote-teams-a-friendly-introduction,1,scraped_output\us.infoqo.com\feb5ad60cb6a,scraped_output\us.infoqo.com\feb5ad60cb6a,adradar_2026-07-15.csv,3,Learn more here. learn about ai remote management,AI for Remote Teams: A Friendly Introduction - InfoQo,https://us.infoqo.com/dsr?q=learn+more+about+ai+remote+management&de=c&arq=ai+remote+management&pub={placement}&rac=learn+more+about+ai+remote+management+start+learning+about+ai+remote+management+ai+remote+management&asid=iq_ch210&terms=ai+remote+management+tools&ad_id={creative}
article_d9dd0cf72bd3,allgemeines-wissen-von-ki-automatisierung-wie-intelligente-systeme-unseren-alltag-2026-ver,1,scraped_output\www.discovaz.com\1f91506147df,scraped_output\www.discovaz.com\1f91506147df,adradar_2026-07-14.csv,109,Mehr erfahren. Erfahren Sie mehr uber KI Automatisierung,Allgemeines Wissen von KI Automatisierung: Wie intelligente Systeme unseren Alltag 2026 ver?ndern - Discovaz,https://www.discovaz.com/dsr?q=allgemeines%20wissen%20von%20ki%20automatisierung&arq=ki+automatisierung&pub={placement}&rac=allgemeines+wissen+von+ki+automatisierung+beginnen+sie+mehr+uber+ki+automatisierung+zu+lernen+ki+automatisierung&asid=a1_ch8819&terms=&locale=de_DE&ad_id={creative}
article_0969cdb41173,allgemeines-wissen-uber-die-flughafenarbeit-ein-blick-hinter-die-kulissen,1,scraped_output\www.discovaz.com\9a76e13b6723,scraped_output\www.discovaz.com\9a76e13b6723,adradar_2026-07-14.csv,77,Mehr erfahren. Weitere Informationen finden Sie unter Flughafenbetrieb,Allgemeines Wissen über die Flughafenarbeit: Ein Blick hinter die Kulissen - Discovaz,https://www.discovaz.com/dsr?q=allgemeines%20wissen%20uber%20die%20flughafenarbeit&arq=flughafenbetrieb&pub={placement}&rac=allgemeines+wissen+uber+die+flughafenarbeit+flughafenbetrieb&asid=a1_ch8111&terms=flughafenbetrieb&locale=de_DE&ad_id={creative}
article_34ff246a872a,begin-game-skin-trading-in-steal-a-brainrot,1,scraped_output\www.discovaz.com\844d167ac191,scraped_output\www.discovaz.com\844d167ac191,adradar_2026-07-14.csv,142,Learn more here. learn about game skins trading,Begin Game Skin Trading in Steal a Brainrot - Discovaz,https://www.discovaz.com/dsr?q=how+to+start+game+skin+trading+in+steal+a+brainrot&de=mobile&arq=game+skins+trading&pub={placement}&rac=how+to+start+game+skin+trading+in+steal+a+brainrot+learn+about+game+skins+trading+game+skins+trading&asid=a1_ch2849&terms=&locale=en_US&ad_id={creative}
article_9fc74f487911,build-interior-design-with-custom-software-how-designers-earn-195k-more,1,scraped_output\www.discovaz.com\03dc761ceb22,scraped_output\www.discovaz.com\03dc761ceb22,adradar_2026-07-14.csv,145,Learn more here. learn about Custom build software,Build Interior Design With Custom Software: How Designers Earn $195k More - Discovaz,https://www.discovaz.com/dsr?q=build+interior+design+with+custom+build+software&de=mobile&arq=custom+build+software&pub={placement}&rac=build+interior+design+with+custom+build+software+start+learning+about+custom+build+software+custom+build+software&asid=a1_ch5758&terms=&locale=en_US&ad_id={creative}
article_2d5703ba8d91,building-better-with-custom-construction-software,1,scraped_output\www.discovaz.com\6dffe79928c5,scraped_output\www.discovaz.com\6dffe79928c5,adradar_2026-07-14.csv,156,Learn more here. learn about Custom Construction Software,Building Better with Custom Construction Software - Discovaz,https://www.discovaz.com/dsr?q=discover+more+about+custom+construction+software&de=mobile&arq=construction+software&pub={placement}&rac=discover+more+about+custom+construction+software+start+learning+about+custom+construction+software+construction+software&asid=a1_ch5546&terms=&locale=en_US&ad_id={creative}
article_0e01110aae84,choosing-a-phone-package-for-your-small-business,1,scraped_output\www.discovaz.com\b2462f939b4c,scraped_output\www.discovaz.com\b2462f939b4c,adradar_2026-07-14.csv,72,Learn more here. learn about Phone Packages For Smbs For You,Choosing a Phone Package for Your Small Business - Discovaz,https://www.discovaz.com/dsr?q=learn%20more%20info%20on%20phone%20packages%20for%20smbs%20for%20you&arq=phone+packages+for+smbs+for+you&pub={placement}&rac=learn+more+info+on+phone+packages+for+smbs+for+you+start+learning+about+phone+packages+for+smbs+for+you+phone+packages+for+smbs+for+you&asid=a1_ch10202&terms=phone+packages+for+smbs+for+you&locale=en_US&ad_id={creative}
article_f497eb9bd210,create-your-own-ai-agent-in-two-happy-hours,1,scraped_output\www.discovaz.com\74e7ae98360a,scraped_output\www.discovaz.com\74e7ae98360a,adradar_2026-07-14.csv,84,Learn more here. learn about create ai agent,Create Your Own AI Agent in Two Happy Hours - Discovaz,https://www.discovaz.com/dsr?q=read%20more%20about%20create%20your%20own%20ai%20agent&arq=create+ai+agent&pub={placement}&rac=read+more+about+create+your+own+ai+agent+start+learning+about+create+ai+agent+create+ai+agent&asid=a1_ch10337&terms=&locale=en_US&ad_id={creative}
article_7bc5bfac0614,create-your-design-using-construction-software,1,scraped_output\www.discovaz.com\596bbc43a26a,scraped_output\www.discovaz.com\596bbc43a26a,adradar_2026-07-14.csv,153,Learn more here. Start learning about Create Your Design Using Construction Software,Create your design using construction software - Discovaz,https://www.discovaz.com/dsr?q=create+your+design+using+construction+software&de=mobile&arq=construction+software&pub={placement}&rac=create+your+design+using+construction+software+start+learning+about+create+your+design+using+construction+software+construction+software&asid=a1_ch5544&terms=&locale=en_US&ad_id={creative}
article_50e292b8e86e,discover-how-ai-agents-are-used-simple-examples-for-everyday-life,1,scraped_output\www.discovaz.com\7e2a6c5432cc,scraped_output\www.discovaz.com\7e2a6c5432cc,adradar_2026-07-14.csv,27,Learn More. Read more about AI agents,Discovaz access denied,https://www.discovaz.com/dsr?q=discover+more+about+usage+of+ai+agents&de=mobile&arq=ai+agents&pub={placement}&rac=discover+more+about+usage+of+ai+agents+ai+agents&asid=a1_ch4167&terms=ai+agents&locale=en_US&ad_id={creative}
article_c12b073af5e3,discover-more-information-about-iphones-on-installments-and-0-interest-plans,1,scraped_output\www.discovaz.com\92eb7fd994b0,scraped_output\www.discovaz.com\92eb7fd994b0,adradar_2026-07-14.csv,98,Learn more here. learn about iphones on installments,Discover More Information About iPhones on Installments and 0% Interest Plans - Discovaz,https://www.discovaz.com/dsr?q=discover%20more%20information%20about%20iphones%20on%20installments&arq=iphones+on+installments&pub={placement}&rac=discover+more+information+about+iphones+on+installments+start+learning+about+iphones+on+installments+iphones+on+installments&asid=a1_ch10269&terms=&locale=en_US&ad_id={creative}
article_fd0eca374933,email-marketing-for-new-customers-a-simple-inbox-welcome,3,scraped_output\www.discovaz.com\324af26663c1,scraped_output\www.discovaz.com\324af26663c1,adradar_2026-07-14.csv,50,Learn more here. learn about Email Marketing for New Customers,Email Marketing for New Customers: A Simple Inbox Welcome - Discovaz,https://www.discovaz.com/dsr?q=read%20more%20about%20email%20marketing%20for%20new%20customers&arq=email+marketing+for+new+customers&pub={placement}&rac=read+more+about+email+marketing+for+new+customers+start+learning+about+email+marketing+for+new+customers+email+marketing+for+new+customers&asid=a1_ch8856&terms=&locale=en_US&ad_id={creative}
article_fd0eca374933,email-marketing-for-new-customers-a-simple-inbox-welcome,3,scraped_output\www.discovaz.com\324af26663c1,scraped_output\www.discovaz.com\a8ec122869fd,adradar_2026-07-14.csv,15,Learn more here. learn about email marketing for new customers,Discovaz access denied,https://www.discovaz.com/dsr?q=read%20more%20about%20email%20marketing%20for%20new%20customers&arq=email+marketing+for+new+customers&pub={placement}&rac=read+more+about+email+marketing+for+new+customers+start+learning+about+email+marketing+for+new+customers+email+marketing+for+new+customers&asid=a1_ch10287&terms=email+marketing+for+new+customers&locale=en_US&ad_id={creative}
article_fd0eca374933,email-marketing-for-new-customers-a-simple-inbox-welcome,3,scraped_output\www.discovaz.com\324af26663c1,scraped_output\www.discovaz.com\d5cba607fba2,adradar_2026-07-14.csv,69,Learn more here. learn about email marketing for new customers,Email Marketing for New Customers: A Simple Inbox Welcome - Discovaz,https://www.discovaz.com/dsr?q=read%20more%20about%20email%20marketing%20for%20new%20customers&arq=email+marketing+for+new+customers&pub={placement}&rac=read+more+about+email+marketing+for+new+customers+start+learning+about+email+marketing+for+new+customers+email+marketing+for+new+customers&asid=a1_ch10262&terms=email+marketing+for+new+customers&locale=en_US&ad_id={creative}
article_265558c970d1,erfahren-sie-mehr-uber-e-mail-marketing-fur-neukunden-ihr-weg-zum-40-fachen-erfolg,1,scraped_output\www.discovaz.com\873f5f4e0ed7,scraped_output\www.discovaz.com\873f5f4e0ed7,adradar_2026-07-14.csv,85,Mehr hier erfahren. Erfahren Sie etwas uber E Mail Marketing fur Neukunden,Erfahren Sie mehr über E-Mail Marketing für Neukunden: Ihr Weg zum 40-fachen Erfolg - Discovaz,https://www.discovaz.com/dsr?q=erfahren%20sie%20mehr%20uber%20e%20mail%20marketing%20fur%20neukunden&arq=e+mail+marketing+fur+neukunden&pub={placement}&rac=erfahren+sie+mehr+uber+e+mail+marketing+fur+neukunden+beginnen+sie+mehr+uber+e+mail+marketing+fur+neukunden+zu+lernen+e+mail+marketing+fur+neukunden&asid=a1_ch8268&terms=e+mail+marketing+fur+neukunden&locale=de_DE&ad_id={creative}
article_937d72f0ba22,erhalten-sie-einblicke-in-das-zugangskontrollsystem-sicherheit-im-jahr-2026,1,scraped_output\www.discovaz.com\ab9cf56bfe53,scraped_output\www.discovaz.com\ab9cf56bfe53,adradar_2026-07-14.csv,118,Erfahre mehr hier. Beginne mehr uber Zugangskontrollsystem zu lernen,Erhalten Sie Einblicke in das Zugangskontrollsystem: Sicherheit im Jahr 2026 - Discovaz,https://www.discovaz.com/dsr?q=erhalten%20sie%20einblicke%20in%20das%20zugangskontrollsystem&arq=zugangskontrollsystem&pub={placement}&rac=erhalten+sie+einblicke+in+das+zugangskontrollsystem+beginne+mehr+uber+zugangskontrollsystem+zu+lernen+zugangskontrollsystem&asid=a1_ch8972&terms=&locale=de_DE&ad_id={creative}
article_d6a271dae7ad,everyday-benefits-of-ai-agents-simple-ways-they-can-help-you,1,scraped_output\us.infoqo.com\ffa6b58f04cd,scraped_output\us.infoqo.com\ffa6b58f04cd,adradar_2026-07-15.csv,7,Learn More. Read more about AI Agents,Everyday Benefits of AI Agents: Simple Ways They Can Help You - InfoQo,https://us.infoqo.com/dsr?q=discover+more+about+usage+of+ai+agents&de=c&arq=ai+agents&pub={placement}&rac=discover+more+about+usage+of+ai+agents+read+more+about+ai+agents+ai+agents&asid=iq_ch186&terms=&ad_id={creative}
article_17e95b5ab3fe,exploring-ai-virtual-agents-revolutionizing-customer-interaction,4,scraped_output\www.discovaz.com\104913f23349,scraped_output\www.discovaz.com\104913f23349,adradar_2026-07-14.csv,141,Learn More. Read more about AI Virtual Agents,Exploring AI virtual agents: revolutionizing customer interaction - Discovaz,https://www.discovaz.com/dsr?q=exploring%20ai%20virtual%20agents&arq=ai+virtual+agent&pub={placement}&rac=exploring+ai+virtual+agents+ai+virtual+agent&asid=a1_ch8149&terms=ai+virtual+agent&locale=en_US&ad_id={creative}
article_17e95b5ab3fe,exploring-ai-virtual-agents-revolutionizing-customer-interaction,4,scraped_output\www.discovaz.com\104913f23349,scraped_output\www.discovaz.com\634e09a84534,adradar_2026-07-14.csv,59,Learn More. Read more about AI Virtual Agents,Exploring AI virtual agents: revolutionizing customer interaction - Discovaz,https://www.discovaz.com/dsr?q=exploring%20ai%20virtual%20agents&arq=ai+virtual+agent&pub={placement}&rac=exploring+ai+virtual+agents+ai+virtual+agent&asid=a1_ch8260&terms=ai+virtual+agent&locale=en_US&ad_id={creative}
article_17e95b5ab3fe,exploring-ai-virtual-agents-revolutionizing-customer-interaction,4,scraped_output\www.discovaz.com\104913f23349,scraped_output\www.discovaz.com\99dc848508f2,adradar_2026-07-14.csv,134,Learn More. Read more about AI Virtual Agents,Exploring AI virtual agents: revolutionizing customer interaction - Discovaz,https://www.discovaz.com/dsr?q=exploring%20ai%20virtual%20agents&arq=ai+virtual+agent&pub={placement}&rac=exploring+ai+virtual+agents+ai+virtual+agent&asid=a1_ch8143&terms=ai+virtual+agent&locale=en_US&ad_id={creative}
article_17e95b5ab3fe,exploring-ai-virtual-agents-revolutionizing-customer-interaction,4,scraped_output\www.discovaz.com\104913f23349,scraped_output\www.discovaz.com\b1d697240dda,adradar_2026-07-14.csv,124,Learn More. Read more about AI Virtual Agents,Exploring AI virtual agents: revolutionizing customer interaction - Discovaz,https://www.discovaz.com/dsr?q=exploring+ai+virtual+agents&de=mobile&arq=ai+virtual+agent&pub={placement}&rac=exploring+ai+virtual+agents+want+to+create+your+own+ai+virtual+agent+ai+agents+may+offer+way+more+possibilities+than+many+realize+curious+explore+relevant+info+about+ai+virtual+agents+on+the+website+explore+relevant+info+about+ai+ai+virtual+agents+on+the+website&asid=a1_ch4989&terms=&locale=en_US&ad_id={creative}
article_b08d8482678b,exploring-custom-build-software-for-your-growing-business,2,scraped_output\www.discovaz.com\794c9fec000f,scraped_output\www.discovaz.com\794c9fec000f,adradar_2026-07-14.csv,56,Learn more. Read more info on custom build software,Exploring Custom Build Software for Your Growing Business - Discovaz,https://www.discovaz.com/dsr?q=exploring%20custom%20build%20software&arq=custom+build+software&pub={placement}&rac=exploring+custom+build+software+custom+build+software&asid=a1_ch8945&terms=custom+build+software&locale=en_US&ad_id={creative}
article_b08d8482678b,exploring-custom-build-software-for-your-growing-business,2,scraped_output\www.discovaz.com\794c9fec000f,scraped_output\www.discovaz.com\9d4ecd2b0eb2,adradar_2026-07-14.csv,163,Learn more. Read more info on custom build software,Exploring Custom Build Software for Your Growing Business - Discovaz,https://www.discovaz.com/dsr?q=exploring%20custom%20build%20software&arq=custom+build+software&pub={placement}&rac=exploring+custom+build+software+custom+build+software&asid=a1_ch8944&terms=custom+build+software&locale=en_US&ad_id={creative}
article_000ebb873d15,exploring-construction-software-tools-for-modern-builders,1,scraped_output\www.discovaz.com\fbfb488f31ef,scraped_output\www.discovaz.com\fbfb488f31ef,adradar_2026-07-14.csv,79,Learn more here. learn about Construction Software,Exploring construction software: tools for modern builders - Discovaz,https://www.discovaz.com/dsr?q=exploring%20construction%20software&arq=construction+software&pub={placement}&rac=exploring+construction+software+want+to+create+your+own+dream+house+with+construction+software+creating+entire+houses+might+be+easy+and+fun+unleash+your+creativity+and+your+ideal+room+may+become+reality+learn+more+about+construction+software+start+learning+about+construction+software+construction+software&asid=a1_ch10374&terms=&locale=en_US&ad_id={creative}
article_48f59707d5b5,fernverwaltung-von-ki-ein-einfacher-wegweiser-fur-alle,1,scraped_output\www.discovaz.com\16ea28c1d22b,scraped_output\www.discovaz.com\16ea28c1d22b,adradar_2026-07-14.csv,71,Erfahren Sie hier mehr. lernen Sie Allgemeines Wissen über die Fernverwaltung von KI,Fernverwaltung von KI: Ein einfacher Wegweiser für alle - Discovaz,https://www.discovaz.com/dsr?q=allgemeines+wissen+über+die+fernverwaltung+von+ki&de=m&arq=kifernverwaltungstools&pub=google.com&rac=allgemeines+wissen+über+die+fernverwaltung+von+ki+beginnen+sie+mit+dem+lernen+über+allgemeines+wissen+über+die+fernverwaltung+von+ki+kifernverwaltungstools&asid=b15_ch1&locale=de_DE&ad_id={creative}
article_ab1de599fa85,general-knowledge-of-buy-now-pay-later-smart-tv-options-in-2026,1,scraped_output\www.discovaz.com\42145ba5e0f2,scraped_output\www.discovaz.com\42145ba5e0f2,adradar_2026-07-14.csv,104,Learn more. Read more info on Buy Now Pay Later Smart TV,General Knowledge of Buy Now Pay Later Smart TV Options in 2026 - Discovaz,https://www.discovaz.com/dsr?q=general%20knowledge%20of%20buy%20now%20pay%20later%20smart%20tv&arq=buy+now+pay+later+smart+tv&pub={placement}&rac=general+knowledge+of+buy+now+pay+later+smart+tv+buy+now+pay+later+smart+tv&asid=a1_ch10184&terms=buy+now+pay+later+smart+tv&locale=en_US&ad_id={creative}
article_bea80148246e,get-insights-on-create-ai-agent-costs-myths-and-the-smarter-fix,1,scraped_output\www.discovaz.com\ab94be0c1df4,scraped_output\www.discovaz.com\ab94be0c1df4,adradar_2026-07-14.csv,58,Learn more here. learn about create AI agent,,https://www.discovaz.com/dsr?q=get%20insights%20on%20create%20ai%20agent&arq=create+ai+agent&pub={placement}&rac=get+insights+on+create+ai+agent+start+learning+about+create+ai+agent+create+ai+agent&asid=a1_ch10332&terms=create+ai+agent&locale=en_US&ad_id={creative}
article_e3c74a6cacce,get-insights-on-oil-rigs-work-your-high-paying-career-path-in-2026,1,scraped_output\www.discovaz.com\7a8e1d3c5037,scraped_output\www.discovaz.com\7a8e1d3c5037,adradar_2026-07-14.csv,43,Learn more here. Learn about Oil Rigs Work,Get Insights on Oil Rigs Work: Your High-Paying Career Path in 2026 - Discovaz,https://www.discovaz.com/dsr?q=get%20insights%20on%20oil%20rigs%20work&arq=oil+rigs+work&pub={placement}&rac=get+insights+on+oil+rigs+work+start+learning+about+oil+rigs+work+oil+rigs+work&asid=a1_ch10567&terms=oil+rigs+work&locale=en_US&ad_id={creative}
article_1f91004b0e53,get-insights-on-sme-phone-packages-simple-modern-business-guide,1,scraped_output\www.discovaz.com\acec1539b500,scraped_output\www.discovaz.com\acec1539b500,adradar_2026-07-14.csv,102,Learn more here. learn about SME phone packages,Get Insights on SME Phone Packages: Simple Modern Business Guide - Discovaz,https://www.discovaz.com/dsr?q=get%20insights%20on%20sme%20phone%20packages&arq=sme+phone+packages&pub={placement}&rac=get+insights+on+sme+phone+packages+start+learning+about+sme+phone+packages+sme+phone+packages&asid=a1_ch10194&terms=sme+phone+packages&locale=en_US&ad_id={creative}
article_e1d6a0fbaab6,get-powerful-insights-from-custom-construction-software,1,scraped_output\www.discovaz.com\65c9b7f90796,scraped_output\www.discovaz.com\65c9b7f90796,adradar_2026-07-14.csv,76,Learn more. Read more info on Custom Construction Software,Get Powerful Insights From Custom Construction Software - Discovaz,https://www.discovaz.com/dsr?q=get%20insights%20on%20custom%20construction%20software&arq=custom+construction+software&pub={placement}&rac=get+insights+on+custom+construction+software+custom+construction+software&asid=a1_ch10309&terms=custom+construction+software&locale=en_US&ad_id={creative}
article_97db457cf37b,heimarbeit-verpackung-etikettierung-chancen-und-echte-jobs,1,scraped_output\www.discovaz.com\51ce0bf00781,scraped_output\www.discovaz.com\51ce0bf00781,adradar_2026-07-14.csv,70,Erfahren Sie hier mehr. Erfahren Sie mehr über Heimarbeit im Bereich Verpackung und Etikettierung,Heimarbeit Verpackung & Etikettierung: Chancen und echte Jobs - Discovaz,https://www.discovaz.com/dsr?q=mehr+informationen+zu+heimarbeit+im+bereich+verpackung+und+etikettierung&de=mobile&arq=heimarbeit+im+bereich+verpackung+und+etikettierung&pub={placement}&rac=mehr+informationen+zu+heimarbeit+im+bereich+verpackung+und+etikettierung+beginnen+sie+mehr+ber+heimarbeit+im+bereich+verpackung+und+etikettierung+zu+lernen+heimarbeit+im+bereich+verpackung+und+etikettierung&asid=a1_ch4959&terms=&locale=de_DE&ad_id={creative}
article_c147f223e259,how-ai-agent-platforms-are-changing-the-way-we-work,2,scraped_output\www.discovaz.com\6a3da7f26165,scraped_output\www.discovaz.com\6a3da7f26165,adradar_2026-07-14.csv,53,Learn more. Read more info on ai agent platforms,How AI Agent Platforms are Changing the Way We Work - Discovaz,https://www.discovaz.com/dsr?q=use%20cases%20of%20ai%20agent%20platforms&arq=ai+agent+platforms&pub={placement}&rac=use+cases+of+ai+agent+platforms+ai+agent+platforms&asid=a1_ch10221&terms=ai+agent+platforms&locale=en_US&ad_id={creative}
article_c147f223e259,how-ai-agent-platforms-are-changing-the-way-we-work,2,scraped_output\www.discovaz.com\6a3da7f26165,scraped_output\www.discovaz.com\af2b5751a0f1,adradar_2026-07-14.csv,54,Learn more. Read more info on ai agent platforms,How AI Agent Platforms are Changing the Way We Work - Discovaz,https://www.discovaz.com/dsr?q=use%20cases%20of%20ai%20agent%20platforms&arq=ai+agent+platforms&pub={placement}&rac=use+cases+of+ai+agent+platforms+ai+agent+platforms&asid=a1_ch10219&terms=ai+agent+platforms&locale=en_US&ad_id={creative}
article_113f9f3fa8dd,how-ai-agents-are-changing-the-world-top-use-cases-in-2026,1,scraped_output\www.discovaz.com\95e4408f1c45,scraped_output\www.discovaz.com\95e4408f1c45,adradar_2026-07-14.csv,33,Learn more here. learn about AI Agent,Discovaz access denied,https://www.discovaz.com/dsr?q=use%20cases%20of%20ai%20agents&arq=ai+agent&pub={placement}&rac=use+cases+of+ai+agents+start+learning+about+ai+agent+ai+agent&asid=a1_ch10183&terms=ai+agent&locale=en_US&ad_id={creative}
article_28d17e97bfe8,how-automation-equipment-manufacturer-product-testing-makes-your-world-safer-in-2026,1,scraped_output\www.discovaz.com\079848433ed1,scraped_output\www.discovaz.com\079848433ed1,adradar_2026-07-14.csv,121,Learn more here. learn about Automation Equipment Manufacturer,,https://www.discovaz.com/dsr?q=automation%20equipment%20manufacturer%20product%20testing&arq=automation+equipment+manufacturer&pub={placement}&rac=automation+equipment+manufacturer+product+testing+start+learning+about+automation+equipment+manufacturer+automation+equipment+manufacturer&asid=a1_ch8144&terms=automation+equipment+manufacturer&locale=en_US&ad_id={creative}
article_cd9293929ca0,how-modern-waste-management-companies-keep-our-neighborhoods-clean-and-green-in-2026,1,scraped_output\www.discovaz.com\ddd146771d79,scraped_output\www.discovaz.com\ddd146771d79,adradar_2026-07-14.csv,21,Learn more here. Learn about Waste Management Companies,Discovaz access denied,https://www.discovaz.com/dsr?q=waste%20management%20companies&arq=waste+management+companies&pub={placement}&rac=waste+management+companies+start+learning+about+waste+management+companies+waste+management+companies&asid=a1_ch10196&terms=&locale=en_US&ad_id={creative}
article_a00436e18653,how-to-get-powerful-insights-on-application-security,1,scraped_output\www.discovaz.com\7ee26ea0f116,scraped_output\www.discovaz.com\7ee26ea0f116,adradar_2026-07-14.csv,166,Learn more here. learn about application security posture,How to Get Powerful Insights on Application Security - Discovaz,https://www.discovaz.com/dsr?q=get%20insights%20on%20application%20security&arq=application+security&pub={placement}&rac=get+insights+on+application+security+start+learning+about+application+security+posture+application+security&asid=a1_ch9161&terms=&locale=en_US&ad_id={creative}
article_aab3d61af8fe,how-to-learn-broadly-about-ai-automation-solutions-in-2026,2,scraped_output\www.discovaz.com\07bbf076ff18,scraped_output\www.discovaz.com\07bbf076ff18,adradar_2026-07-14.csv,139,Learn More. Learn broadly about AI Automation,How to Learn Broadly About AI Automation Solutions in 2026 - Discovaz,https://www.discovaz.com/dsr?q=learn%20broadly%20about%20ai%20automation%20solutions&arq=ai+automation&pub={placement}&rac=learn+broadly+about+ai+automation+solutions+learn+broadly+about+ai+automation+ai+automation&asid=a1_ch7727&terms=ai+automation&locale=en_US&ad_id={creative}
article_aab3d61af8fe,how-to-learn-broadly-about-ai-automation-solutions-in-2026,2,scraped_output\www.discovaz.com\07bbf076ff18,scraped_output\www.discovaz.com\1ea802784e12,adradar_2026-07-14.csv,6,Learn More. Learn broadly about AI Automation,Discovaz access denied,https://www.discovaz.com/dsr?q=learn%20broadly%20about%20ai%20automation%20solutions&arq=ai+automation&pub={placement}&rac=learn+broadly+about+ai+automation+solutions+learn+broadly+about+ai+automation+ai+automation&asid=a1_ch7731&terms=ai+automation&locale=en_US&ad_id={creative}
article_c1e6cb71c41f,how-to-make-ai-virtual-agents-without-coding,2,scraped_output\us.infoqo.com\6b4e85506ad9,scraped_output\us.infoqo.com\6b4e85506ad9,adradar_2026-07-15.csv,9,Learn more. Read more info on AI Virtual Agents,How to Make AI Virtual Agents Without Coding - InfoQo,https://us.infoqo.com/dsr?q=make%20ai%20virtual%20agents&arq=ai+virtual+agents&pub={placement}&rac=make+ai+virtual+agents+read+more+info+on+ai+virtual+agents+ai+virtual+agents&asid=iq_ch364&terms=ai+virtual+agents&ad_id={creative}
article_c1e6cb71c41f,how-to-make-ai-virtual-agents-without-coding,2,scraped_output\us.infoqo.com\6b4e85506ad9,scraped_output\us.infoqo.com\f359e469ff99,adradar_2026-07-15.csv,8,Learn more. Read more info on AI Virtual Agents,How to Make AI Virtual Agents Without Coding - InfoQo,https://us.infoqo.com/dsr?q=make%20ai%20virtual%20agents&arq=ai+virtual+agents&pub={placement}&rac=make+ai+virtual+agents+want+to+create+your+private+ai+agent+they+may+be+fully+customizable+and+could+interact+with+you+in+unimaginable+ways+interested+learn+more+on+ai+agents+on+the+site&asid=iq_ch385&terms=&ad_id={creative}
article_4b08817da07e,how-to-start-game-skin-trading-in-99-nights,2,scraped_output\www.discovaz.com\b575e25e5a9e,scraped_output\www.discovaz.com\b575e25e5a9e,adradar_2026-07-14.csv,140,Learn more here. learn about game skins trading,How to Start Game Skin Trading in 99 Nights - Discovaz,https://www.discovaz.com/dsr?q=how+to+start+game+skin+trading+in+99+nights&de=mobile&arq=game+skins+trading&pub={placement}&rac=how+to+start+game+skin+trading+in+99+nights+learn+about+game+skins+trading+game+skins+trading&asid=a1_ch3121&terms=&locale=en_US&ad_id={creative}
article_4b08817da07e,how-to-start-game-skin-trading-in-99-nights,2,scraped_output\www.discovaz.com\b575e25e5a9e,scraped_output\www.discovaz.com\fd260bed98c2,adradar_2026-07-14.csv,107,Learn more here. learn about game skins trading,How to Start Game Skin Trading in 99 Nights - Discovaz,https://www.discovaz.com/dsr?q=how+to+start+game+skin+trading+in+99+nights&de=mobile&arq=game+skins+trading&pub={placement}&rac=how+to+start+game+skin+trading+in+99+nights+start+learning+about+game+skins+trading+game+skins+trading&asid=a1_ch5352&terms=&locale=en_US&ad_id={creative}
article_473f0dca7818,how-to-start-game-skin-trading-simple-steps-for-beginners,2,scraped_output\www.discovaz.com\0941e6cc8935,scraped_output\www.discovaz.com\0941e6cc8935,adradar_2026-07-14.csv,149,Learn more here. learn about game skin trading,How to Start Game Skin Trading: Simple Steps for Beginners - Discovaz,https://www.discovaz.com/dsr?q=how+to+start+game+skin+trading&de=mobile&arq=game+skin+trading&pub={placement}&rac=how+to+start+game+skin+trading+start+learning+about+game+skin+trading+game+skin+trading&asid=a1_ch4935&terms=&locale=en_US&ad_id={creative}
article_473f0dca7818,how-to-start-game-skin-trading-simple-steps-for-beginners,2,scraped_output\www.discovaz.com\0941e6cc8935,scraped_output\www.discovaz.com\1e2b80b06447,adradar_2026-07-14.csv,51,Learn more here. learn about game skin trading,How to Start Game Skin Trading: Simple Steps for Beginners - Discovaz,https://www.discovaz.com/dsr?q=how+to+start+game+skin+trading&de=mobile&arq=game+skin+trading&pub={placement}&rac=how+to+start+game+skin+trading+get+general+info+on+game+skin+trading+game+skin+trading&asid=a1_ch4162&terms=&locale=en_US&ad_id={creative}
article_3a1976cc7517,i-want-to-start-my-own-business-what-should-i-do,1,scraped_output\www.discovaz.com\19255647a127,scraped_output\www.discovaz.com\19255647a127,adradar_2026-07-14.csv,35,Learn more here. learn about start my own business,I Want to Start My Own Business: What Should I Do? - Discovaz,https://www.discovaz.com/dsr?q=i%20want%20to%20start%20my%20own%20business%20what%20should%20i%20do&arq=i+want+to+start+my+own+business&pub={placement}&rac=i+want+to+start+my+own+business+what+should+i+do+start+learning+about+start+my+own+business+i+want+to+start+my+own+business&asid=a1_ch8056&terms=&locale=en_US&ad_id={creative}
article_854a82e21a50,individuelle-bauplane-einfach-mit-software-erstellen,1,scraped_output\www.discovaz.com\ebe08ff4e4e9,scraped_output\www.discovaz.com\ebe08ff4e4e9,adradar_2026-07-14.csv,68,Erfahre mehr. Erfahre mehr uber Bausoftware,Individuelle Baupl?ne einfach mit Software erstellen - Discovaz,https://www.discovaz.com/dsr?q=wie%20man%20individuelle%20design%20mit%20bausoftware%20erstellt&arq=bausoftware&pub={placement}&rac=wie+man+individuelle+design+mit+bausoftware+erstellt+erfahre+mehr+uber+bausoftware+bausoftware&asid=a1_ch7569&terms=&locale=de_DE&ad_id={creative}
article_7184289c5693,learn-broadly-about-energy-management-tools,1,scraped_output\www.discovaz.com\c93d4752ad1a,scraped_output\www.discovaz.com\c93d4752ad1a,adradar_2026-07-14.csv,52,Learn more here. learn about Energy Management Tools,Learn Broadly About Energy Management Tools - Discovaz,https://www.discovaz.com/dsr?q=learn+broadly+about+of+energy+management+tools&de=mobile&arq=energy+management+tools&pub={placement}&rac=learn+broadly+about+of+energy+management+tools+start+learning+about+energy+management+tools+energy+management+tools&asid=a1_ch5805&terms=&locale=en_US&ad_id={creative}
article_922a7ecb1928,learn-broadly-on-custom-build-software-your-journey-to-digital-success,10,scraped_output\www.discovaz.com\0f6bd7fb488c,scraped_output\www.discovaz.com\0f6bd7fb488c,adradar_2026-07-14.csv,171,Learn more here. learn about Custom build software,Learn Broadly on Custom Build Software: Your Journey to Digital Success - Discovaz,https://www.discovaz.com/dsr?q=learn%20broadly%20on%20custom%20build%20software&arq=custom+build+software&pub={placement}&rac=learn+broadly+on+custom+build+software+build+your+custom+football+boots+in+seconds+with+custom+build+software+designing+a+unique+pair+of+boots+could+be+effortless+your+friends+might+envy+you+interested+learn+how+on+the+website+start+learning+about+custom+build+software+custom+build+software&asid=a1_ch7086&terms=&locale=en_US&ad_id={creative}
article_922a7ecb1928,learn-broadly-on-custom-build-software-your-journey-to-digital-success,10,scraped_output\www.discovaz.com\0f6bd7fb488c,scraped_output\www.discovaz.com\3baf62c753a4,adradar_2026-07-14.csv,67,Learn more. Read more info on Custom build software,Learn Broadly on Custom Build Software: Your Journey to Digital Success - Discovaz,https://www.discovaz.com/dsr?q=learn%20broadly%20on%20custom%20build%20software&arq=custom+build+software&pub={placement}&rac=learn+broadly+on+custom+build+software+custom+build+software&asid=a1_ch9011&terms=custom+build+software&locale=en_US&ad_id={creative}
article_922a7ecb1928,learn-broadly-on-custom-build-software-your-journey-to-digital-success,10,scraped_output\www.discovaz.com\0f6bd7fb488c,scraped_output\www.discovaz.com\772bb7d64e7b,adradar_2026-07-14.csv,39,Learn more here. Learn about Custom Build Software,Learn Broadly on Custom Build Software: Your Journey to Digital Success - Discovaz,https://www.discovaz.com/dsr?q=learn%20broadly%20on%20custom%20build%20software&arq=custom+build+software&pub={placement}&rac=learn+broadly+on+custom+build+software+start+learning+about+custom+build+software+custom+build+software&asid=a1_ch10574&terms=custom+build+software&locale=en_US&ad_id={creative}
article_922a7ecb1928,learn-broadly-on-custom-build-software-your-journey-to-digital-success,10,scraped_output\www.discovaz.com\0f6bd7fb488c,scraped_output\www.discovaz.com\880f97b6eef9,adradar_2026-07-14.csv,18,Learn more here. learn about Custom build software,Discovaz access denied,https://www.discovaz.com/dsr?q=learn%20broadly%20on%20custom%20build%20software&arq=custom+build+software&pub={placement}&rac=learn+broadly+on+custom+build+software+build+your+custom+football+boots+in+seconds+with+custom+build+software+designing+a+unique+pair+of+boots+could+be+effortless+your+friends+might+envy+you+interested+learn+how+on+the+website+start+learning+about+custom+build+software+custom+build+software&asid=a1_ch7090&terms=&locale=en_US&ad_id={creative}
article_922a7ecb1928,learn-broadly-on-custom-build-software-your-journey-to-digital-success,10,scraped_output\www.discovaz.com\0f6bd7fb488c,scraped_output\www.discovaz.com\a028810b5500,adradar_2026-07-14.csv,34,learn more. Read more about custom build software,Discovaz access denied,https://www.discovaz.com/dsr?q=learn%20broadly%20on%20custom%20build%20software&arq=custom+build+software&pub={placement}&rac=learn+broadly+on+custom+build+software+read+more+about+custom+build+software+custom+build+software&asid=a1_ch8540&terms=&locale=en_US&ad_id={creative}
article_922a7ecb1928,learn-broadly-on-custom-build-software-your-journey-to-digital-success,10,scraped_output\www.discovaz.com\0f6bd7fb488c,scraped_output\www.discovaz.com\bbe03185583c,adradar_2026-07-14.csv,62,Learn more here. Learn about Custom Build Software,Learn Broadly on Custom Build Software: Your Journey to Digital Success - Discovaz,https://www.discovaz.com/dsr?q=learn%20broadly%20on%20custom%20build%20software&arq=custom+build+software&pub={placement}&rac=learn+broadly+on+custom+build+software+start+learning+about+custom+build+software+custom+build+software&asid=a1_ch10576&terms=custom+build+software&locale=en_US&ad_id={creative}
article_922a7ecb1928,learn-broadly-on-custom-build-software-your-journey-to-digital-success,10,scraped_output\www.discovaz.com\0f6bd7fb488c,scraped_output\www.discovaz.com\c98b688ec9e8,adradar_2026-07-14.csv,126,Learn more. Read more info on custom build software,Learn Broadly on Custom Build Software: Your Journey to Digital Success - Discovaz,https://www.discovaz.com/dsr?q=learn%20broadly%20on%20custom%20build%20software&arq=custom+build+software&pub={placement}&rac=learn+broadly+on+custom+build+software+custom+build+software&asid=a1_ch8954&terms=custom+build+software&locale=en_US&ad_id={creative}
article_922a7ecb1928,learn-broadly-on-custom-build-software-your-journey-to-digital-success,10,scraped_output\www.discovaz.com\0f6bd7fb488c,scraped_output\www.discovaz.com\d1bf00d91717,adradar_2026-07-14.csv,164,Learn more. Read more info on Custom build software,Learn Broadly on Custom Build Software: Your Journey to Digital Success - Discovaz,https://www.discovaz.com/dsr?q=learn%20broadly%20on%20custom%20build%20software&arq=custom+build+software&pub={placement}&rac=learn+broadly+on+custom+build+software+custom+build+software&asid=a1_ch7194&terms=custom+build+software&locale=en_US&ad_id={creative}
article_922a7ecb1928,learn-broadly-on-custom-build-software-your-journey-to-digital-success,10,scraped_output\www.discovaz.com\0f6bd7fb488c,scraped_output\www.discovaz.com\e293e8766ac8,adradar_2026-07-14.csv,91,Learn more here. Start learning about Custom Build Software,Learn Broadly on Custom Build Software: Your Journey to Digital Success - Discovaz,https://www.discovaz.com/dsr?q=learn%20broadly%20on%20custom%20build%20software&arq=custom+build+software&pub={placement}&rac=learn+broadly+on+custom+build+software+start+learning+about+custom+build+software+custom+build+software&asid=a1_ch10578&terms=custom+build+software&locale=en_US&ad_id={creative}
article_922a7ecb1928,learn-broadly-on-custom-build-software-your-journey-to-digital-success,10,scraped_output\www.discovaz.com\0f6bd7fb488c,scraped_output\www.discovaz.com\e602b5abc881,adradar_2026-07-14.csv,120,Learn More. Read more about custom build software,Learn Broadly on Custom Build Software: Your Journey to Digital Success - Discovaz,https://www.discovaz.com/dsr?q=learn%20broadly%20on%20custom%20build%20software&arq=custom+build+software&pub={placement}&rac=learn+broadly+on+custom+build+software+read+more+about+custom+build+software+custom+build+software&asid=a1_ch8538&terms=&locale=en_US&ad_id={creative}
article_d3f334e0b7fb,learn-broadly-on-electronic-test-equipment-in-2026,1,scraped_output\www.discovaz.com\9cf35d8af12a,scraped_output\www.discovaz.com\9cf35d8af12a,adradar_2026-07-14.csv,83,Learn more here. learn about electronic test equipment,Learn Broadly on Electronic Test Equipment in 2026 - Discovaz,https://www.discovaz.com/dsr?q=learn%20broadly%20on%20electronic%20test%20equipment&arq=electronic+test+equipment&pub={placement}&rac=that+motorcycle+you+want+you+may+have+the+opportunity+to+receive+it+so+that+you+may+help+manufacturers+improve+them+and+possibly+get+paid+get+insights+on+electronics+test+equipment&asid=a1_ch10346&terms=&locale=en_US&ad_id={creative}
article_7fae7874eaac,learn-how-to-build-jersey-with-builder-software-for-your-team,3,scraped_output\www.discovaz.com\2ec2116303f7,scraped_output\www.discovaz.com\2ec2116303f7,adradar_2026-07-14.csv,167,Learn more. Read more info on builder software,Learn How to Build Jersey With Builder Software for Your Team - Discovaz,https://www.discovaz.com/dsr?q=learn%20how%20to%20build%20jersey%20with%20builder%20software&arq=builder+software&pub={placement}&rac=learn+how+to+build+jersey+with+builder+software+read+more+info+on+builder+software+builder+software&asid=a1_ch9173&terms=builder+software&locale=en_US&ad_id={creative}
article_7fae7874eaac,learn-how-to-build-jersey-with-builder-software-for-your-team,3,scraped_output\www.discovaz.com\2ec2116303f7,scraped_output\www.discovaz.com\950eb73d2bfb,adradar_2026-07-14.csv,81,Learn more. Read more info on builder software,Learn How to Build Jersey With Builder Software for Your Team - Discovaz,https://www.discovaz.com/dsr?q=learn%20how%20to%20build%20jersey%20with%20builder%20software&arq=builder+software&pub={placement}&rac=learn+how+to+build+jersey+with+builder+software+read+more+info+on+builder+software+builder+software&asid=a1_ch9171&terms=builder+software&locale=en_US&ad_id={creative}
article_7fae7874eaac,learn-how-to-build-jersey-with-builder-software-for-your-team,3,scraped_output\www.discovaz.com\2ec2116303f7,scraped_output\www.discovaz.com\b3cf657c2ca9,adradar_2026-07-14.csv,128,Learn more. Read more info on builder software,Learn How to Build Jersey With Builder Software for Your Team - Discovaz,https://www.discovaz.com/dsr?q=learn%20how%20to%20build%20jersey%20with%20builder%20software&arq=builder+software&pub={placement}&rac=learn+how+to+build+jersey+with+builder+software+read+more+info+on+builder+software+builder+software&asid=a1_ch9169&terms=builder+software&locale=en_US&ad_id={creative}
article_d02e5cf1d664,learn-how-to-build-your-dream-car-with-free-autodesk-construction-software,1,scraped_output\www.discovaz.com\d5d513828fca,scraped_output\www.discovaz.com\d5d513828fca,adradar_2026-07-14.csv,28,Learn More. Read more info about building your own car with construction software,Discovaz access denied,https://www.discovaz.com/dsr?q=learn+how+to+build+your+dream+car+with+construction+software&de=mobile&arq=construction+software&pub={placement}&rac=learn+how+to+build+your+dream+car+with+construction+software+read+more+info+about+building+your+own+car+with+construction+software+construction+software&asid=a1_ch5614&terms=&locale=en_US&ad_id={creative}
article_0820260c352c,learn-how-to-get-car-parts-through-product-promotion,1,scraped_output\www.discovaz.com\28484d0d0a17,scraped_output\www.discovaz.com\28484d0d0a17,adradar_2026-07-14.csv,148,Learn more here. learn about Product Promotion,Learn How to Get Car Parts Through Product Promotion - Discovaz,https://www.discovaz.com/dsr?q=learn+how+to+get+products+like+car+parts+through+product+promotion&de=mobile&arq=product+promotion&pub={placement}&rac=learn+how+to+get+products+like+car+parts+through+product+promotion+start+learning+about+product+promotion+product+promotion&asid=a1_ch5140&terms=&locale=en_US&ad_id={creative}
article_f1a566d14acf,learn-how-to-get-products-with-brand-advertising,1,scraped_output\www.discovaz.com\0b5b735161c9,scraped_output\www.discovaz.com\0b5b735161c9,adradar_2026-07-14.csv,130,Learn More. Learn how to get products with brand advertising,Learn How to Get Products With Brand Advertising - Discovaz,https://www.discovaz.com/dsr?q=learn+how+to+get+products+with+brand+advertising&de=mobile&arq=brand+advertising&pub={placement}&rac=learn+how+to+get+products+with+brand+advertising+brand+advertising&asid=a1_ch5436&terms=&locale=en_US&ad_id={creative}
article_e714eb389288,learn-how-to-start-in-game-skin-trading-in-2026,2,scraped_output\www.discovaz.com\6c947ab2020f,scraped_output\www.discovaz.com\6c947ab2020f,adradar_2026-07-14.csv,61,Learn more here. Learn about Start Skin Trading,Learn How to Start in Game Skin Trading in 2026 - Discovaz,https://www.discovaz.com/dsr?q=learn%20how%20to%20start%20in%20game%20skin%20trading&arq=start+skin+trading&pub={placement}&rac=learn+how+to+start+in+game+skin+trading+start+learning+about+start+skin+trading+start+skin+trading&asid=a1_ch10534&terms=start+skin+trading&locale=en_US&ad_id={creative}
article_e714eb389288,learn-how-to-start-in-game-skin-trading-in-2026,2,scraped_output\www.discovaz.com\6c947ab2020f,scraped_output\www.discovaz.com\f5d6f8aa3562,adradar_2026-07-14.csv,37,Learn more here. Learn about Start Skin Trading,Learn How to Start in Game Skin Trading in 2026 - Discovaz,https://www.discovaz.com/dsr?q=learn%20how%20to%20start%20in%20game%20skin%20trading&arq=start+skin+trading&pub={placement}&rac=learn+how+to+start+in+game+skin+trading+start+learning+about+start+skin+trading+start+skin+trading&asid=a1_ch10538&terms=start+skin+trading&locale=en_US&ad_id={creative}
article_2e8dcc38d962,learn-more-about-build-your-own-ai-agent-ecommerce,1,scraped_output\www.discovaz.com\c58dedbe81e4,scraped_output\www.discovaz.com\c58dedbe81e4,adradar_2026-07-14.csv,78,Learn more here. learn about build your own AI agent ecommerce,Learn More About Build Your Own AI Agent Ecommerce - Discovaz,https://www.discovaz.com/dsr?q=learn%20more%20about%20build%20your%20own%20ai%20agent%20ecommerce&arq=build+your+own+ai+agent+ecommerce&pub={placement}&rac=learn+more+about+build+your+own+ai+agent+ecommerce+start+learning+about+build+your+own+ai+agent+ecommerce+build+your+own+ai+agent+ecommerce&asid=a1_ch10163&terms=build+your+own+ai+agent+ecommerce&locale=en_US&ad_id={creative}
article_97903f258d8f,learn-more-about-steal-a-brainrot-trading-how-the-trader-shake-up-changed-everything,2,scraped_output\www.discovaz.com\84f3c1fd78a3,scraped_output\www.discovaz.com\84f3c1fd78a3,adradar_2026-07-14.csv,133,Learn more here. learn about game skins trading,Learn More About Steal a Brainrot Trading: How the Trader Shake-Up Changed Everything - Discovaz,https://www.discovaz.com/dsr?q=learn%20more%20about%20steal%20a%20brainrot%20trading&arq=game+skins+trading&pub={placement}&rac=learn+more+about+steal+a+brainrot+trading+start+learning+about+game+skins+trading+game+skins+trading&asid=a1_ch8162&terms=&locale=en_US&ad_id={creative}
article_97903f258d8f,learn-more-about-steal-a-brainrot-trading-how-the-trader-shake-up-changed-everything,2,scraped_output\www.discovaz.com\84f3c1fd78a3,scraped_output\www.discovaz.com\a62c58c172a1,adradar_2026-07-14.csv,117,Learn more here. learn about steal a brainrot trading,Learn More About Steal a Brainrot Trading: How the Trader Shake-Up Changed Everything - Discovaz,https://www.discovaz.com/dsr?q=learn%20more%20about%20steal%20a%20brainrot%20trading&arq=steal+a+brainrot+trading&pub={placement}&rac=learn+more+about+steal+a+brainrot+trading+start+learning+about+steal+a+brainrot+trading+steal+a+brainrot+trading&asid=a1_ch9172&terms=&locale=en_US&ad_id={creative}
article_cddbd75ca5a3,learn-broadly-about-ai-automation,2,scraped_output\www.discovaz.com\3731bc40d20c,scraped_output\www.discovaz.com\3731bc40d20c,adradar_2026-07-14.csv,162,Learn More. Learn broadly about AI Automation,Learn broadly about AI automation - Discovaz,https://www.discovaz.com/dsr?q=learn%20broadly%20about%20ai%20automation&arq=ai+automation&pub={placement}&rac=learn+broadly+about+ai+automation+ai+automation&asid=a1_ch7451&terms=ai+automation&locale=en_US&ad_id={creative}
article_cddbd75ca5a3,learn-broadly-about-ai-automation,2,scraped_output\www.discovaz.com\3731bc40d20c,scraped_output\www.discovaz.com\46dead8b0d4f,adradar_2026-07-14.csv,180,Discover more here. learn about Ai automation,Learn broadly about AI automation - Discovaz,https://www.discovaz.com/dsr?q=learn+broadly+about+ai+automation&de=mobile&arq=ai+automation&pub={placement}&rac=learn+broadly+about+ai+automation+start+learning+about+ai+automation+ai+automation&asid=a1_ch4337&terms=&locale=en_US&ad_id={creative}
article_7a4af666a6d2,make-ai-automation-how-anyone-can-build-smart-agents-in-minutes,1,scraped_output\www.discovaz.com\eec8bcaa1708,scraped_output\www.discovaz.com\eec8bcaa1708,adradar_2026-07-14.csv,174,Learn more here. Learn about Make AI Automation,Make AI Automation: How Anyone Can Build Smart Agents in Minutes - Discovaz,https://www.discovaz.com/dsr?q=discover%20more%20information%20about%20make%20ai%20automation&arq=make+ai+automation&pub={placement}&rac=discover+more+information+about+make+ai+automation+learn+about+make+ai+automation+make+ai+automation&asid=a1_ch6842&terms=&locale=en_US&ad_id={creative}
article_12e59a3b383c,medizinische-software-2026-entdecken-wie-smarte-technik-deine-gesundheit-schutzt,3,scraped_output\www.discovaz.com\062e2bc5ce16,scraped_output\www.discovaz.com\062e2bc5ce16,adradar_2026-07-14.csv,110,Mehr erfahren. Lesen Sie mehr uber medizinische Software 2026,Medizinische Software 2026 entdecken: Wie smarte Technik deine Gesundheit schützt - Discovaz,https://www.discovaz.com/dsr?q=medizinische%20software%202026%20entdecken&arq=medizinische+software+2026&pub={placement}&rac=medizinische+software+2026+entdecken+lesen+sie+mehr+uber+medizinische+software+2026+medizinische+software+2026&asid=a1_ch7306&terms=&locale=de_DE&ad_id={creative}
article_12e59a3b383c,medizinische-software-2026-entdecken-wie-smarte-technik-deine-gesundheit-schutzt,3,scraped_output\www.discovaz.com\062e2bc5ce16,scraped_output\www.discovaz.com\70df3ebc10fa,adradar_2026-07-14.csv,115,Mehr erfahren. Lesen Sie mehr uber medizinische Software 2026,Medizinische Software 2026 entdecken: Wie smarte Technik deine Gesundheit schützt - Discovaz,https://www.discovaz.com/dsr?q=medizinische%20software%202026%20entdecken&arq=medizinische+software+2026&pub={placement}&rac=medizinische+software+2026+entdecken+lesen+sie+mehr+uber+medizinische+software+2026+medizinische+software+2026&asid=a1_ch7510&terms=&locale=de_DE&ad_id={creative}
article_12e59a3b383c,medizinische-software-2026-entdecken-wie-smarte-technik-deine-gesundheit-schutzt,3,scraped_output\www.discovaz.com\062e2bc5ce16,scraped_output\www.discovaz.com\d32bf2dbf8b3,adradar_2026-07-14.csv,113,Mehr erfahren. Lesen Sie mehr uber medizinische Software 2026,Medizinische Software 2026 entdecken: Wie smarte Technik deine Gesundheit schützt - Discovaz,https://www.discovaz.com/dsr?q=medizinische%20software%202026%20entdecken&arq=medizinische+software+2026&pub={placement}&rac=medizinische+software+2026+entdecken+lesen+sie+mehr+uber+medizinische+software+2026+medizinische+software+2026&asid=a1_ch7508&terms=&locale=de_DE&ad_id={creative}
article_1061eac1f4b2,online-brand-promotion-a-simple-introduction-to-getting-noticed,1,scraped_output\www.discovaz.com\ae5f1eff0c68,scraped_output\www.discovaz.com\ae5f1eff0c68,adradar_2026-07-14.csv,172,Learn more here. learn about Online Brand Promotion,Online Brand Promotion: A Simple Introduction to Getting Noticed - Discovaz,https://www.discovaz.com/dsr?q=learn+broadly+about+online+brand+promotion&de=mobile&arq=online+brand+promotion&pub={placement}&rac=learn+broadly+about+online+brand+promotion+start+learning+about+online+brand+promotion+online+brand+promotion&asid=a1_ch6181&terms=&locale=en_US&ad_id={creative}
article_6f4a16937dad,online-food-mba-programs-no-gmat-flexible-residencies-bigger-paychecks,1,scraped_output\www.discovaz.com\05e08f5845a0,scraped_output\www.discovaz.com\05e08f5845a0,adradar_2026-07-14.csv,131,Learn more here. learn about Online Food MBA Programs,"Online Food MBA Programs: No GMAT, Flexible Residencies, Bigger Paychecks - Discovaz",https://www.discovaz.com/dsr?q=online%20food%20mba%20programs&arq=online+food+mba+programs&pub={placement}&rac=online+food+mba+programs+start+learning+about+online+food+mba+programs&asid=a1_ch7208&terms=&locale=en_US&ad_id={creative}
article_652e04bc4116,sme-phone-packages-2026-5-rock-bottom-plans-under-15-that-still-work,1,scraped_output\us.infoqo.com\42a0ccb8c23b,scraped_output\us.infoqo.com\42a0ccb8c23b,adradar_2026-07-15.csv,2,"Learn more. Hurry, Learn more about sme phone packages on the site.",SME Phone Packages 2026: 5 Rock-Bottom Plans Under $15 That Still Work - InfoQo,https://us.infoqo.com/dsr?q=sme+phone+packages+2026&de=c&arq=sme+phone+plans+2026&pub={placement}&rac=hurry+learn+more+about+sme+phone+packages+2026+on+the+site+below&asid=iq_ch219&terms=sme+phone+packages+2026+best+phone+systems+2026+smb+phone+package+phone+packages+for+smb+for+you+2026&ad_id={creative}
article_144b4d10f292,sme-phone-packages-explained-types-features-and-costs,1,scraped_output\www.discovaz.com\f3ce8cac17d6,scraped_output\www.discovaz.com\f3ce8cac17d6,adradar_2026-07-14.csv,26,Learn more here. Explore more about SME Phone Packages,Discovaz access denied,https://www.discovaz.com/dsr?q=general+knowledge+of+sme+phone+packages&de=mobile&arq=sme+phone+packages&pub={placement}&rac=general+knowledge+of+sme+phone+packages+sme+phone+packages&asid=a1_ch5325&terms=sme+phone+packages&locale=en_US&ad_id={creative}
article_6f533ba49a26,sell-more-products-from-your-inbox-a-simple-email-plan,1,scraped_output\www.discovaz.com\6ed6a80265b6,scraped_output\www.discovaz.com\6ed6a80265b6,adradar_2026-07-14.csv,178,Learn more here. learn about Getting Products via Email Marketing,Sell More Products from Your Inbox: A Simple Email Plan - Discovaz,https://www.discovaz.com/dsr?q=how+to+get+products+through+email+marketing&de=mobile&arq=email+marketing+products&pub={placement}&rac=how+to+get+products+through+email+marketing+start+learning+about+getting+products+via+email+marketing+email+marketing+products&asid=a1_ch3617&terms=&locale=en_US&ad_id={creative}
article_eca4df82c8c8,the-best-use-cases-of-ai-phone-agents-in-2026-from-nasa-robots-to-happy-customers,1,scraped_output\www.discovaz.com\f002f8dd4c6f,scraped_output\www.discovaz.com\f002f8dd4c6f,adradar_2026-07-14.csv,87,Learn more here. learn about AI Phone Agent,The Best Use Cases of AI Phone Agents in 2026: From NASA Robots to Happy Customers - Discovaz,https://www.discovaz.com/dsr?q=use%20cases%20of%20ai%20phone%20agents&arq=ai+phone+agent&pub={placement}&rac=use+cases+of+ai+phone+agents+start+learning+about+ai+phone+agent+ai+phone+agent&asid=a1_ch8916&terms=&locale=en_US&ad_id={creative}
article_c04387cbe18d,the-complete-guide-to-home-elevators,1,scraped_output\www.discovaz.com\375bb80d50b9,scraped_output\www.discovaz.com\375bb80d50b9,adradar_2026-07-14.csv,4,Learn More. Read more info about home elevator,Discovaz access denied,https://www.discovaz.com/dsr?q=learn+broadly+about+home+elevator&de=mobile&arq=home+elevator&pub={placement}&rac=learn+broadly+about+home+elevator+read+more+info+about+home+elevator+home+elevator&asid=a1_ch2938&terms=&locale=en_US&ad_id={creative}
article_4757cae8b291,the-friendly-world-of-boxes-and-bottles-general-knowledge-of-packaging-industry,1,scraped_output\www.discovaz.com\689d8c081549,scraped_output\www.discovaz.com\689d8c081549,adradar_2026-07-14.csv,74,Learn more here. learn about Packaging Industry,The Friendly World of Boxes and Bottles: General Knowledge of Packaging Industry - Discovaz,https://www.discovaz.com/dsr?q=general%20knowledge%20of%20packaging%20industry%20&arq=packaging+industry&pub={placement}&rac=general+knowledge+of+packaging+industry+start+learning+about+packaging+industry+packaging+industry&asid=a1_ch10320&terms=&locale=en_US&ad_id={creative}
article_66f862f161ea,top-use-cases-of-ai-phone-agent-in-2026-from-nasa-to-your-local-farm,1,scraped_output\us.infoqo.com\0de066eb688f,scraped_output\us.infoqo.com\0de066eb688f,adradar_2026-07-15.csv,5,Learn more. Read more info on ai phone agent,Top Use Cases of AI Phone Agent in 2026: From NASA to Your Local Farm - InfoQo,https://us.infoqo.com/dsr?q=use%20cases%20of%20ai%20phone%20agent&arq=ai+phone+agent&pub={placement}&rac=use+cases+of+ai+phone+agent+ai+phone+agent&asid=iq_ch425&terms=ai+phone+agent&ad_id={creative}
article_eb01dc71080e,understanding-ai-virtual-agents-transforming-communication,3,scraped_output\www.discovaz.com\5445183a0924,scraped_output\www.discovaz.com\5445183a0924,adradar_2026-07-14.csv,66,Learn more here. learn about AI Virtual Agents,Understanding AI virtual agents: Transforming communication - Discovaz,https://www.discovaz.com/dsr?q=learn%20more%20about%20ai%20virtual%20agents&arq=ai+virtual+agents&pub={placement}&rac=learn+more+about+ai+virtual+agents+start+learning+about+ai+virtual+agents+ai+virtual+agents&asid=a1_ch10334&terms=&locale=en_US&ad_id={creative}
article_eb01dc71080e,understanding-ai-virtual-agents-transforming-communication,3,scraped_output\www.discovaz.com\5445183a0924,scraped_output\www.discovaz.com\7e732e6946e2,adradar_2026-07-14.csv,158,Learn more here. learn about ai virtual agents,Understanding AI virtual agents: Transforming communication - Discovaz,https://www.discovaz.com/dsr?q=learn%20more%20about%20ai%20virtual%20agents&arq=ai+virtual+agents&pub={placement}&rac=learn+more+about+ai+virtual+agents+start+learning+about+ai+virtual+agents+ai+virtual+agents&asid=a1_ch7462&terms=ai+virtual+agents&locale=en_US&ad_id={creative}
article_eb01dc71080e,understanding-ai-virtual-agents-transforming-communication,3,scraped_output\www.discovaz.com\5445183a0924,scraped_output\www.discovaz.com\bbb78b566eca,adradar_2026-07-14.csv,57,Learn more here. learn about AI Virtual Agents,Understanding AI virtual agents: Transforming communication - Discovaz,https://www.discovaz.com/dsr?q=learn%20more%20about%20ai%20virtual%20agents&arq=ai+virtual+agents&pub={placement}&rac=learn+more+about+ai+virtual+agents+want+an+ai+agent+thats+truly+yours+the+possibilities+might+be+bigger+than+you+think+you+may+be+surprised+see+whats+possible+learn+more+about+ai+virtual+agents+start+learning+about+ai+virtual+agents+ai+virtual+agents&asid=a1_ch10361&terms=&locale=en_US&ad_id={creative}
article_fc05d781c92f,understanding-skins-construction-software-a-2026-flat-rate-guide,3,scraped_output\www.discovaz.com\194647991e1c,scraped_output\www.discovaz.com\194647991e1c,adradar_2026-07-14.csv,20,Learn more here. learn about Skins Construction Software,Discovaz access denied,https://www.discovaz.com/dsr?q=understanding+skins+construction+software+a+comprehensive+guide+for+2026&de=mobile&arq=skins+construction+software&pub={placement}&rac=understanding+skins+construction+software+a+comprehensive+guide+for+2026+start+learning+about+skins+construction+software+skins+construction+software&asid=a1_ch6009&terms=&locale=en_US&ad_id={creative}
article_fc05d781c92f,understanding-skins-construction-software-a-2026-flat-rate-guide,3,scraped_output\www.discovaz.com\194647991e1c,scraped_output\www.discovaz.com\a9edaa421081,adradar_2026-07-14.csv,49,Learn more here. learn about Skins Construction Software,Understanding Skins Construction Software: A 2026 Flat-Rate Guide - Discovaz,https://www.discovaz.com/dsr?q=understanding+skins+construction+software+a+comprehensive+guide+for+2026&de=mobile&arq=skins+construction+software&pub={placement}&rac=understanding+skins+construction+software+a+comprehensive+guide+for+2026+start+learning+about+skins+construction+software+skins+construction+software&asid=a1_ch6006&terms=&locale=en_US&ad_id={creative}
article_fc05d781c92f,understanding-skins-construction-software-a-2026-flat-rate-guide,3,scraped_output\www.discovaz.com\194647991e1c,scraped_output\www.discovaz.com\fe3b69ef5f93,adradar_2026-07-14.csv,157,Learn more. Read more info on Skins Construction Software,Understanding Skins Construction Software: A 2026 Flat-Rate Guide - Discovaz,https://www.discovaz.com/dsr?q=understanding%20skins%20construction%20software%20a%20comprehensive%20guide%20for%202026&arq=skins+construction+software&pub={placement}&rac=understanding+skins+construction+software+a+comprehensive+guide+for+2026+skins+construction+software&asid=a1_ch7183&terms=skins+construction+software&locale=en_US&ad_id={creative}
article_8e55785f0382,use-cases-of-ai-assistants-everyday-help-you-can-trust,2,scraped_output\www.discovaz.com\2a274d236ca7,scraped_output\www.discovaz.com\2a274d236ca7,adradar_2026-07-14.csv,64,Learn more. Read more info on AI Assistants,Use Cases of AI Assistants: Everyday Help You Can Trust - Discovaz,https://www.discovaz.com/dsr?q=use%20cases%20of%20ai%20assistants&arq=ai+assistants&pub={placement}&rac=use+cases+of+ai+assistants+read+more+info+on+ai+assistants+ai+assistants&asid=a1_ch10612&terms=ai+assistants&locale=en_US&ad_id={creative}
article_8e55785f0382,use-cases-of-ai-assistants-everyday-help-you-can-trust,2,scraped_output\www.discovaz.com\2a274d236ca7,scraped_output\www.discovaz.com\4d4c26d9d9b4,adradar_2026-07-14.csv,63,Learn more. Read more info on AI Assistants,Use Cases of AI Assistants: Everyday Help You Can Trust - Discovaz,https://www.discovaz.com/dsr?q=use%20cases%20of%20ai%20assistants&arq=ai+assistants&pub={placement}&rac=use+cases+of+ai+assistants+read+more+info+on+ai+assistants+ai+assistants&asid=a1_ch10606&terms=ai+assistants&locale=en_US&ad_id={creative}
article_7c729077e894,use-cases-of-ai-virtual-agents-23-real-world-examples,2,scraped_output\us.infoqo.com\1a5ecccb129f,scraped_output\us.infoqo.com\1a5ecccb129f,adradar_2026-07-15.csv,6,Learn more. Read more info on AI Agents,Use Cases of AI Virtual Agents: 23 Real-World Examples - InfoQo,https://us.infoqo.com/dsr?q=use+cases+of+ai+virtual+agents&de=c&arq=ai+virtual+agents&pub={placement}&rac=use+cases+of+ai+virtual+agents+read+more+info+on+ai+agents+ai+virtual+agents&asid=iq_ch191&terms=&ad_id={creative}
article_7c729077e894,use-cases-of-ai-virtual-agents-23-real-world-examples,2,scraped_output\us.infoqo.com\1a5ecccb129f,scraped_output\us.infoqo.com\bbfa316800f0,adradar_2026-07-15.csv,4,Learn more. Read more info on AI Virtual Agents,Use Cases of AI Virtual Agents: 23 Real-World Examples - InfoQo,https://us.infoqo.com/dsr?q=use%20cases%20of%20ai%20virtual%20agents&arq=ai+virtual+agents&pub={placement}&rac=use+cases+of+ai+virtual+agents+read+more+info+on+ai+virtual+agents+ai+virtual+agents&asid=iq_ch438&terms=&ad_id={creative}
article_160f2ea5f8f0,virtuelle-ki-agenten-digitale-helfer-erforschen-neue-moglichkeiten,1,scraped_output\www.discovaz.com\986fa3774e9c,scraped_output\www.discovaz.com\986fa3774e9c,adradar_2026-07-14.csv,111,Erfahren Sie mehr. Lesen Sie mehr über KI-gestützte virtuelle Agenten.,Virtuelle KI-Agenten: Digitale Helfer erforschen neue M?glichkeiten - Discovaz,https://www.discovaz.com/dsr?q=erforschung+virtueller+ki-agenten&de=mobile&arq=ai+virtueller+agent&pub={placement}&rac=erforschung+virtueller+ki-agenten+mchten+sie+ihren+eigenen+virtuellen+ki-agenten+erstellen+ki-agenten+bieten+mglicherweise+weitaus+mehr+mglichkeiten+als+viele+glauben+neugierig+geworden+entdecken+sie+relevante+informationen+ber+virtuelle+ki-agenten+auf+der+website+lesen+sie+mehr+ber+ki-gesttzte+virtuelle+agenten+ai+virtueller+agent&asid=a1_ch3961&terms=&locale=de_DE&ad_id={creative}
article_bd0c490fe61d,want-to-start-a-business-from-home-simple-insights-to-get-you-going,1,scraped_output\www.discovaz.com\d699d02afb1c,scraped_output\www.discovaz.com\d699d02afb1c,adradar_2026-07-14.csv,114,Learn more here. learn about Want Start Business from Home,Want To Start A Business From Home? Simple Insights To Get You Going - Discovaz,https://www.discovaz.com/dsr?q=get%20insights%20on%20i%20want%20start%20business%20from%20home&arq=i+want+start+business+from+home&pub={placement}&rac=get+insights+on+i+want+start+business+from+home+start+learning+about+want+start+business+from+home+i+want+start+business+from+home&asid=a1_ch9300&terms=i+want+start+business+from+home&locale=en_US&ad_id={creative}
article_3d066bd81eb9,weitere-informationen-von-ki-virtual-agents-die-zukunft-des-kundenservice-im-jahr-2026,1,scraped_output\www.discovaz.com\2d8c53290759,scraped_output\www.discovaz.com\2d8c53290759,adradar_2026-07-14.csv,123,Mehr erfahren. Weitere Informationen uber KI Virtual Agents lessen,Weitere Informationen von KI Virtual Agents: Die Zukunft des Kundenservice im Jahr 2026 - Discovaz,https://www.discovaz.com/dsr?q=weitere%20informationen%20von%20ki%20virtual%20agents&arq=ki+virtual+agents&pub={placement}&rac=weitere+informationen+von+ki+virtual+agents+weitere+informationen+uber+ki+virtual+agents+lessen+ki+virtual+agents&asid=a1_ch8008&terms=ki+virtual+agents&locale=de_DE&ad_id={creative}
article_ce702c888a74,wie-man-mit-bausoftware-ein-individuelles-auto-erstellt,1,scraped_output\www.discovaz.com\c846d61b5315,scraped_output\www.discovaz.com\c846d61b5315,adradar_2026-07-14.csv,73,Mehr erfahren. Lesen Sie weitere Informationen über Bausoftware,Wie man mit Bausoftware ein individuelles Auto erstellt - Discovaz,https://www.discovaz.com/dsr?q=wie+man+mit+bausoftware+eine+individuelles+auto+erstellt&de=m&arq=bausoftware&pub=google.com&rac=wie+man+mit+bausoftware+eine+individuelles+auto+erstellt++m?chten+sie+ihr+traumauto+bauen+bausoftware+kann+ihnen+helfen+ihre+eigenen+ideen+auf+unterhaltsame+und+einfache+weise+zum+leben+zu+erwecken+erfahren+sie+mehr+über+bausoftware+auf+der+website+lesen+sie+weitere+informationen+über+bausoftware+bausoftware&asid=b15_ch97&locale=de_DE&ad_id={creative}
