id,slug,title,published_at,read_minutes,language,locale,locations,ad_contents,lp_titles,term,term_items,excerpt,block_count,image_count
article_634149b19440,23-everyday-use-cases-of-ai-virtual-agents-already-running-errands-for-you,23 Everyday Use Cases of AI Virtual Agents Already Running Errands for You,2026-04-27,12,en,en_US,DE | FR | IT,Learn more. Read more info on AI Virtual Agents,23 Everyday Use Cases of AI Virtual Agents Already Running Errands for You - Discovaz,ai virtual agents ai virtual agents use cases artificial intelligence virtual agents ai virtual agent,ai virtual agents | ai virtual agents use cases | artificial intelligence virtual agents | ai virtual agent,"Imagine a parent juggling breakfast and backpacks when the school office calls: ""Your child needs an excuse note."" Before the parent even sets down the spatula, an AI virtual agent has already pulled last week's absence from the student system, written the note, and filed it with the attendance clerk....

...This isn't tomorrow's fantasy; it's one of the quiet ways Oracle's 50-plus AI agents now live inside Oracle Fusion Cloud Applications and take action while most of us still picture a chat window.",40,1
article_be869a762b52,a-friendly-look-at-custom-construction-software-for-modern-builders,A Friendly Look at Custom Construction Software for Modern Builders,2026-01-28,11,en,en_US,DE | FR | IT,Learn more. Read more info on Custom Construction Software,A Friendly Look at Custom Construction Software for Modern Builders - Discovaz,custom construction software custom construction software guide best custom construction software custom construction software solutions,custom construction software | custom construction software guide | best custom construction software | custom construction software solutions,"Ever feel like you're building a modern skyscraper with old tools? Paperwork piles up, schedules get tangled, and the office and field feel worlds apart. Discover how custom construction software acts as your digital toolkit, built just for your team's needs, making projects smoother and more profitable.",40,1
article_2673105c86d6,a-happy-guide-to-professional-office-cleaning-and-tech-driven-hygiene,A Happy Guide to Professional Office Cleaning and Tech-Driven Hygiene,2026-06-04,11,en,en_US,CA | DE | GB | US,Learn more here. learn about Office cleaning services,A Happy Guide to Professional Office Cleaning and Tech-Driven Hygiene - Discovaz,office cleaning services office cleaning services guide best office cleaning services office cleaning services information,office cleaning services | office cleaning services guide | best office cleaning services | office cleaning services information,"Imagine walking into your office on a bright Monday morning. The air feels crisp, the desks are sparkling, and there is a fresh scent that instantly boosts your mood. A clean environment does more than just look good; it sets the tone for a successful business and makes the entire team feel valued from the moment they clock in....

...High-quality office cleaning is the secret ingredient that keeps the energy high and the smiles wide throughout the work week.",40,1
article_651ae1d0b4c4,ai-application-security-methods-explained-for-beginners,AI Application Security Methods Explained for Beginners,2026-05-01,8,en,en_US,DE | US,Learn More Here. Learn more about AI Application Security,AI Application Security Methods Explained for Beginners - Discovaz,ai application security ai application security methods artificial intelligence application security ai application security guide best ai application security,ai application security | ai application security methods | artificial intelligence application security | ai application security guide | best ai application security,"Imagine you adopt a super-smart puppy that learns every trick you show it. One day it fetches your slippers, the next day it orders pizza with your credit card. That playful pup is a lot like an AI app: helpful, eager, and full of surprises....

...AI application security is the fence, leash, and training that keep the puppy safe while it grows smarter.",33,1
article_8fd0568ef4dd,ai-for-remote-teams-a-friendly-introduction,AI for Remote Teams: A Friendly Introduction,2026-03-20,12,en,,GB | US,Learn more here. learn about ai remote management,AI for Remote Teams: A Friendly Introduction - InfoQo,ai remote management ai remote management guide artificial intelligence remote management best ai remote management ai remote management solutions,ai remote management | ai remote management guide | artificial intelligence remote management | best ai remote management | ai remote management solutions,"Curious about how AI helps manage remote teams? It's not about robots taking over. It's about smart tools that fix common problems like messy schedules, lost messages, and confusing onboarding. Let's explore how AI remote management can make your work life simpler, clearer, and a lot less stressful.",53,1
article_7668bd07bf9c,ai-helpdesk-basics-for-beginners,AI Helpdesk Basics for Beginners,2026-05-01,8,en,en_US,US,See more info about AI Helpdesk. See more info about AI Helpdesk,AI Helpdesk Basics for Beginners,ai helpdesk ai helpdesk basics artificial intelligence helpdesk ai helpdesk guide best ai helpdesk ai helpdesk solutions,ai helpdesk | ai helpdesk basics | artificial intelligence helpdesk | ai helpdesk guide | best ai helpdesk | ai helpdesk solutions,"Picture Maya, who just clicked ""buy"" on a shiny new pair of sneakers. Two days later she wonders, ""Where's my order?"" She types the question into the store's chat window, and—whoosh—an answer pops up before she even reaches for her coffee....

...No one on the support team lifted a finger. An ai helpdesk handled the whole thing while the humans stayed happily on break.",36,1
article_d9dd0cf72bd3,allgemeines-wissen-von-ki-automatisierung-wie-intelligente-systeme-unseren-alltag-2026-ver,Allgemeines Wissen von KI Automatisierung: Wie intelligente Systeme unseren Alltag 2026 verändern,2026-06-29,9,de,de_DE,DE,Mehr erfahren. Erfahren Sie mehr uber KI Automatisierung,Allgemeines Wissen von KI Automatisierung: Wie intelligente Systeme unseren Alltag 2026 verändern,ki automatisierung 2026 ki automatisierung ki automatisierung ratgeber beste ki automatisierung ki automatisierung informationen,ki automatisierung 2026 | ki automatisierung | ki automatisierung ratgeber | beste ki automatisierung | ki automatisierung informationen,"Guten Morgen! Stellen Sie sich vor, Ihr Arbeitstag beginnt nicht mit dem Sortieren von endlosen E-Mails oder dem mühsamen Abtippen von Daten, sondern direkt mit den spannenden Projekten, die Ihnen wirklich am Herzen liegen....

...Klingt das nicht fantastisch? Leider sieht die Realität oft noch anders aus, denn wir verschwenden viel zu viel Zeit mit Aufgaben, die uns eigentlich langweilen. Genau hier setzt das allgemeines wissen von ki automatisierung an und verspricht eine Zukunft, in der wir endlich wieder mehr Mensch sein dürfen.",37,1
article_0969cdb41173,allgemeines-wissen-uber-die-flughafenarbeit-ein-blick-hinter-die-kulissen,Allgemeines Wissen über die Flughafenarbeit: Ein Blick hinter die Kulissen,2026-06-19,10,de,de_DE,DE,Mehr erfahren. Weitere Informationen finden Sie unter Flughafenbetrieb,Allgemeines Wissen über die Flughafenarbeit: Ein Blick hinter die Kulissen - Discovaz,flughafenbetrieb ratgeber beste flughafenbetrieb flughafenbetrieb informationen allgemeines wissen über die flughafenarbeit ein blick hinter,flughafenbetrieb ratgeber | beste flughafenbetrieb | flughafenbetrieb informationen | allgemeines wissen über die flughafenarbeit ein blick hinter,"Herzlich willkommen in der geschäftigen und fröhlichen Welt der Luftfahrt. Wenn man an einen Flughafen denkt, kommen einem oft zuerst Urlaubsbilder, startende Flugzeuge und das emsige Treiben in den Terminals in den Sinn....

...Doch hinter den Kulissen verbirgt sich noch viel mehr: Eine faszinierende Arbeitswelt, die niemals schläft und in der Menschen aus über 100 verschiedenen Nationen gemeinsam dafür sorgen, dass alles wie am Schnürchen läuft.",42,1
article_34ff246a872a,begin-game-skin-trading-in-steal-a-brainrot,Begin Game Skin Trading in Steal a Brainrot,2026-04-01,8,en,en_US,CA | GB | US,Learn more here. learn about game skins trading,Begin Game Skin Trading in Steal a Brainrot - Discovaz,game skins trading game skins trading guide best game skins trading game skins trading information,game skins trading | game skins trading guide | best game skins trading | game skins trading information,"Looking to make your first trade in Steal a Brainrot? Discover the safest ways to exchange items, learn the value of collectible Brainrots, and master the Brainrot Trader NPC. Start building an incredible inventory today without risking your best items.",42,1
article_9fc74f487911,build-interior-design-with-custom-software-how-designers-earn-195k-more,Build Interior Design With Custom Software: How Designers Earn $195k More,2026-05-19,9,en,en_US,CA | GB | US,Learn more here. learn about Custom build software,Build Interior Design With Custom Software: How Designers Earn $195k More - Discovaz,custom build software custom software custom software solutions custom build software guide best custom build software custom build software solutions,custom build software | custom software | custom software solutions | custom build software guide | best custom build software | custom build software solutions,"Picture Maya at 11 p.m., toggling between five mood-board apps, a floor-planner tab, and a spreadsheet that refuses to add up. She loves design, but the juggling act is stealing the joy—and the profits....

...Sound familiar?",39,1
article_2d5703ba8d91,building-better-with-custom-construction-software,Building Better with Custom Construction Software,2026-01-20,12,en,en_US,CA | GB | US,Learn more here. learn about Custom Construction Software,Building Better with Custom Construction Software - Discovaz,custom construction software custom construction software guide best custom construction software custom construction software solutions,custom construction software | custom construction software guide | best custom construction software | custom construction software solutions,"Tired of juggling spreadsheets, lost paperwork, and endless phone calls? Custom construction software is a digital toolbox built just for your business. It streamlines everything from scheduling and billing to client updates, helping you finish projects on time and on budget.",41,1
article_0e01110aae84,choosing-a-phone-package-for-your-small-business,Choosing a Phone Package for Your Small Business,2026-01-26,10,en,en_US,DE | FR | IT,Learn more here. learn about Phone Packages For Smbs For You,Choosing a Phone Package for Your Small Business - Discovaz,phone packages for smb for you phone packages for small business for you phone package for smb for you phone packages for business for you,phone packages for smb for you | phone packages for small business for you | phone package for smb for you | phone packages for business for you,"Feeling overwhelmed by business phone options? Let's make it simple. We'll walk you through mobile plans and VoIP systems, explain cool features in plain English, and help you pick the perfect package for your small business without overspending....

...Time to get your team connected!",38,1
article_7bc5bfac0614,create-your-design-using-construction-software,Create your design using construction software,2025-07-23,7,en,en_US,CA | US,Learn more here. Start learning about Create Your Design Using Construction Software,Create your design using construction software - Discovaz,create your design using construction software create your design using construction software guide best create your design using construction software create your design using construction software solutions,create your design using construction software | create your design using construction software guide | best create your design using construction software | create your design using construction software solutions,"Did you know that construction software can streamline your design process, lead to better project outcomes, and even improve collaboration? Unlock the secrets of creating effective designs using...

...cutting-edge tools today!",26,1
article_f497eb9bd210,create-your-own-ai-agent-in-two-happy-hours,Create Your Own AI Agent in Two Happy Hours,2026-05-06,7,en,en_US,DE | FR | IT,Learn more here. learn about create ai agent,Create Your Own AI Agent in Two Happy Hours - Discovaz,create ai agent create artificial intelligence agent create ai agent guide best create ai agent create ai agent solutions,create ai agent | create artificial intelligence agent | create ai agent guide | best create ai agent | create ai agent solutions,"Imagine finishing today with your own helpful robot friend—no coding degree required! Nearly 70 percent of Fortune 500 companies already let Microsoft 365 Copilot handle boring chores like sorting emails and writing first drafts....

...If the biggest names on the planet trust an AI sidekick, so can you.",30,1
article_50e292b8e86e,discover-how-ai-agents-are-used-simple-examples-for-everyday-life,Discover How AI Agents Are Used: Simple Examples for Everyday Life,2026-02-11,13,en,en_US,US,Learn More. Read more about AI agents,Discover How AI Agents Are Used: Simple Examples for Everyday Life,ai agents artificial intelligence agents ai agent ai agents guide best ai agents ai agents solutions,ai agents | artificial intelligence agents | ai agent | ai agents guide | best ai agents | ai agents solutions,"Ever wish you had a smart helper to handle tedious tasks? AI agents are here to do just that. They are more than just chatbots; they can understand your goals, make plans, and take action. Let’s explore how these helpful tools are already changing how we live, work, and learn, with simple, real-world examples.",50,1
article_c12b073af5e3,discover-more-information-about-iphones-on-installments-and-0-interest-plans,Discover More Information About iPhones on Installments and 0% Interest Plans,2026-07-10,10,en,en_US,DE | FR | IT,Learn more here. learn about iphones on installments,Discover More Information About iPhones on Installments and 0% Interest Plans - Discovaz,iphones on installments iphones on installments guide best iphones on installments iphones on installments information,iphones on installments | iphones on installments guide | best iphones on installments | iphones on installments information,"Getting your hands on the latest iPhone is always an exciting moment! Whether you are eyeing the incredible camera or the sleek new design, there is a special kind of joy that comes with unboxing a brand-new device....

...The best part is that you do not need to have a huge stack of cash ready to go right now. In 2026, it is easier than ever to bring home a new phone without the stress of a giant upfront cost.",35,1
article_fd0eca374933,email-marketing-for-new-customers-a-simple-inbox-welcome,Email Marketing for New Customers: A Simple Inbox Welcome,2026-03-03,18,en,en_US,DE | GB | US,Learn more here. learn about Email Marketing for New Customers,Email Marketing for New Customers: A Simple Inbox Welcome - Discovaz,email marketing for new customers email marketing for new customers guide best email marketing for new customers email marketing for new customers information,email marketing for new customers | email marketing for new customers guide | best email marketing for new customers | email marketing for new customers information,"Ready to turn strangers into loyal fans? Email marketing is your secret weapon. Discover how to build a list, create a warm welcome, and send emails that new customers love. We'll show you the simple tools and steps to get started, even if you're a complete beginner....

...Let's win them over, one inbox at a time!",73,1
article_265558c970d1,erfahren-sie-mehr-uber-e-mail-marketing-fur-neukunden-ihr-weg-zum-40-fachen-erfolg,Erfahren Sie mehr über E-Mail Marketing für Neukunden: Ihr Weg zum 40-fachen Erfolg,2026-06-22,8,de,de_DE,DE,Mehr hier erfahren. Erfahren Sie etwas uber E Mail Marketing fur Neukunden,Erfahren Sie mehr über E-Mail Marketing für Neukunden: Ihr Weg zum 40-fachen Erfolg - Discovaz,e mail marketing fur neukunden e mail marketing fur neukunden ratgeber beste e mail marketing fur neukunden e mail marketing fur neukunden informationen,e mail marketing fur neukunden | e mail marketing fur neukunden ratgeber | beste e mail marketing fur neukunden | e mail marketing fur neukunden informationen,"Hallo und herzlich willkommen! Wussten Sie schon, dass E-Mails im digitalen Zeitalter lebendiger sind als je zuvor? Während viele Trends kommen und gehen, bleibt der Posteingang ein echter Ankerpunkt im Alltag....

...Laut Statista besitzen weltweit bereits rund 4,6 Milliarden Menschen eine E-Mail-Adresse. Das ist eine gigantische Chance für Sie, denn fast jeder potenzielle Neukunde ist nur einen Klick weit entfernt.",37,1
article_937d72f0ba22,erhalten-sie-einblicke-in-das-zugangskontrollsystem-sicherheit-im-jahr-2026,Erhalten Sie Einblicke in das Zugangskontrollsystem: Sicherheit im Jahr 2026,2026-07-02,9,de,de_DE,DE,Erfahre mehr hier. Beginne mehr uber Zugangskontrollsystem zu lernen,Erhalten Sie Einblicke in das Zugangskontrollsystem: Sicherheit im Jahr 2026 - Discovaz,zugangskontrollsystem 2026 zugangskontrollsystem ratgeber beste zugangskontrollsystem zugangskontrollsystem informationen,zugangskontrollsystem 2026 | zugangskontrollsystem ratgeber | beste zugangskontrollsystem | zugangskontrollsystem informationen,"Hallo und herzlich willkommen! Stellen Sie sich vor, Sie müssten sich nie wieder Sorgen um einen verlorenen Schlüssel machen. In diesem Artikel erhalten sie einblicke in das zugangskontrollsystem der Zukunft, das Ihren Alltag nicht nur sicherer, sondern auch viel entspannter macht....

...Wir lassen den Stress mit schweren Schlüsselbünden hinter uns und schauen gemeinsam auf Lösungen, die einfach Spaß machen.",35,1
article_d6a271dae7ad,everyday-benefits-of-ai-agents-simple-ways-they-can-help-you,Everyday Benefits of AI Agents: Simple Ways They Can Help You,2026-03-20,10,en,,CA | DE | GB | US,Learn More. Read more about AI Agents,Everyday Benefits of AI Agents: Simple Ways They Can Help You - InfoQo,ai agents ai agents benefits artificial intelligence agents ai agent,ai agents | ai agents benefits | artificial intelligence agents | ai agent,"Ever wish you had a smart helper to handle your boring tasks? That's what AI agents are for! They are digital assistants that can plan, take action, and get things done for you. From organizing your inbox to booking appointments, discover how these clever tools can make your work and life easier, no tech skills needed.",42,1
article_17e95b5ab3fe,exploring-ai-virtual-agents-revolutionizing-customer-interaction,Exploring AI virtual agents: revolutionizing customer interaction,2025-10-14,6,en,en_US,CA | FR | GB | IT | US,Learn More. Read more about AI Virtual Agents,Exploring AI virtual agents: revolutionizing customer interaction - Discovaz,ai virtual agents ai virtual agents guide artificial intelligence virtual agents ai virtual agent,ai virtual agents | ai virtual agents guide | artificial intelligence virtual agents | ai virtual agent,Did you know that up to 85% of customer interactions could be managed by AI virtual agents by 2025? Explore the transformative impact of this technology on everyday business interactions.,14,1
article_000ebb873d15,exploring-construction-software-tools-for-modern-builders,Exploring construction software: tools for modern builders,2025-07-31,7,en,en_US,DE | FR | IT,Learn more here. learn about Construction Software,Exploring construction software: tools for modern builders - Discovaz,construction software construction software guide best construction software construction software solutions,construction software | construction software guide | best construction software | construction software solutions,Did you know 80% of construction projects exceed their budgets? Discover the latest construction software tools that can help you stay on budget and improve efficiency.,30,1
article_b08d8482678b,exploring-custom-build-software-for-your-growing-business,Exploring Custom Build Software for Your Growing Business,2026-06-08,11,en,en_US,CA | DE | FR | GB | IT | JP | US,Learn more. Read more info on custom build software,Exploring Custom Build Software for Your Growing Business - Discovaz,custom build software custom build software guide custom software custom software solutions,custom build software | custom build software guide | custom software | custom software solutions,"Welcome to the world of custom software! Imagine you are shopping for a new suit. You could pick one off a rack at a big store, but it might be a little tight in the shoulders or too long in the sleeves....

...Exploring custom build software is like visiting a professional tailor who measures every inch of you to create a perfect fit. Instead of trying to squeeze your unique business into a pre-made box, you get a tool that is built around exactly how you work.",37,1
article_48f59707d5b5,fernverwaltung-von-ki-ein-einfacher-wegweiser-fur-alle,Fernverwaltung von KI: Ein einfacher Wegweiser für alle,2026-02-16,11,de,de_DE,DE,Erfahren Sie hier mehr. lernen Sie Allgemeines Wissen über die Fernverwaltung von KI,Fernverwaltung von KI: Ein einfacher Wegweiser für alle - Discovaz,fernverwaltung von ki fernverwaltung von ki ratgeber beste fernverwaltung von ki fernverwaltung von ki informationen,fernverwaltung von ki | fernverwaltung von ki ratgeber | beste fernverwaltung von ki | fernverwaltung von ki informationen,"Stell dir vor, schlaue Computerprogramme arbeiten für dich, während die Experten sie von überall auf der Welt steuern. Das ist Fernverwaltung von KI! Wir erklären dir ganz ohne Fachchinesisch, wie das funktioniert, warum es sicher ist und wie Unternehmen davon profitieren.",53,1
article_ab1de599fa85,general-knowledge-of-buy-now-pay-later-smart-tv-options-in-2026,General Knowledge of Buy Now Pay Later Smart TV Options in 2026,2026-07-09,9,en,en_US,DE | FR | IT,Learn more. Read more info on Buy Now Pay Later Smart TV,General Knowledge of Buy Now Pay Later Smart TV Options in 2026 - Discovaz,buy now pay later smart tv 2026 buy now pay later smart tv buy now pay later smart tv guide best buy now pay later smart tv buy now pay later smart tv information,buy now pay later smart tv 2026 | buy now pay later smart tv | buy now pay later smart tv guide | best buy now pay later smart tv | buy now pay later smart tv information,"Upgrading to a brand new Smart TV is one of the most exciting ways to refresh your home in 2026. Whether you are looking for a massive screen for movie nights or a crisp display for gaming, the latest technology makes everything feel more immersive....

...While these high tech displays are a joy to own, they often come with a significant price tag that can be tough to pay all at once.",34,1
article_bea80148246e,get-insights-on-create-ai-agent-costs-myths-and-the-smarter-fix,"Get Insights on Create AI Agent: Costs, Myths and the Smarter Fix",2026-05-06,9,en,en_US,FR | IT,Learn more here. learn about create AI agent,"Get Insights on Create AI Agent: Costs, Myths and the Smarter Fix",create ai agent create ai agent costs create artificial intelligence agent create ai agent guide best create ai agent create ai agent solutions,create ai agent | create ai agent costs | create artificial intelligence agent | create ai agent guide | best create ai agent | create ai agent solutions,"Imagine ordering pizza with a buddy. You ask for pepperoni and maybe a soda. Now picture inviting a robot that hears ""pizza"" and cheerfully orders forty side dishes, three desserts, and a marching band....

...That eager robot is a lot like an AI agent in action: it hears a goal, then invents every step it thinks you might want.",37,1
article_e3c74a6cacce,get-insights-on-oil-rigs-work-your-high-paying-career-path-in-2026,Get Insights on Oil Rigs Work: Your High-Paying Career Path in 2026,2026-07-13,12,en,en_US,IT,Learn more here. Learn about Oil Rigs Work,Get Insights on Oil Rigs Work: Your High-Paying Career Path in 2026 - Discovaz,oil rigs work 2026 oil rigs work oil rigs work guide best oil rigs work oil rigs work information,oil rigs work 2026 | oil rigs work | oil rigs work guide | best oil rigs work | oil rigs work information,"Welcome to 2026, a truly golden year for anyone looking to jumpstart a career in the energy sector. If you are searching for a way to boost your bank account while seeing the world from a different perspective, there has never been a better time to get insights on oil rigs work....

...The industry is buzzing with energy and optimism, offering a unique path to financial freedom and personal growth that many people might not have considered before.",36,1
article_1f91004b0e53,get-insights-on-sme-phone-packages-simple-modern-business-guide,Get Insights on SME Phone Packages: Simple Modern Business Guide,2026-02-13,13,en,en_US,DE | FR | IT,Learn more here. learn about SME phone packages,Get Insights on SME Phone Packages: Simple Modern Business Guide - Discovaz,sme phone packages sme phone packages guide smb phone packages small business phone packages sme phone package business phone packages,sme phone packages | sme phone packages guide | smb phone packages | small business phone packages | sme phone package | business phone packages,"Picking the right phone system feels like a big task. This guide breaks down SME phone packages into simple steps. We cover VoIP, costs, and top features so you can stay connected and professional without the stress.",56,1
article_e1d6a0fbaab6,get-powerful-insights-from-custom-construction-software,Get Powerful Insights From Custom Construction Software,2026-01-28,11,en,en_US,DE | FR | IT,Learn more. Read more info on Custom Construction Software,Get Powerful Insights From Custom Construction Software - Discovaz,custom construction software custom construction software guide best custom construction software custom construction software solutions,custom construction software | custom construction software guide | best custom construction software | custom construction software solutions,"Tired of messy spreadsheets and slow answers? Discover how custom construction software transforms project data into clear, real-time insights. Make better decisions on costs, schedules, and risks, and see how even small firms can boost profits with simple, powerful dashboards.",46,1
article_97db457cf37b,heimarbeit-verpackung-etikettierung-chancen-und-echte-jobs,Heimarbeit Verpackung & Etikettierung: Chancen und echte Jobs,2026-03-11,10,de,de_DE,DE,Erfahren Sie hier mehr. Erfahren Sie mehr über Heimarbeit im Bereich Verpackung und Etikettierung,Heimarbeit Verpackung & Etikettierung: Chancen und echte Jobs - Discovaz,heimarbeit im bereich verpackung und etikettierung heimarbeit im bereich verpackung und etikettierung ratgeber beste heimarbeit im bereich verpackung und etikettierung heimarbeit im bereich verpackung und etikettierung informationen,heimarbeit im bereich verpackung und etikettierung | heimarbeit im bereich verpackung und etikettierung ratgeber | beste heimarbeit im bereich verpackung und etikettierung | heimarbeit im bereich verpackung und etikettierung informationen,"Du möchtest von zu Hause aus Geld verdienen und denkst über Verpackungsarbeiten nach? Hier erfährst du alles Wichtige: Was sind die Aufgaben, wie viel kann man verdienen und, ganz wichtig, wie erkennt man seriöse Angebote? Wir geben dir einen klaren und ehrlichen Überblick.",44,1
article_c147f223e259,how-ai-agent-platforms-are-changing-the-way-we-work,How AI Agent Platforms are Changing the Way We Work,2026-06-05,10,en,en_US,FR | GB | IT | US,Learn more. Read more info on ai agent platforms,How AI Agent Platforms are Changing the Way We Work - Discovaz,ai agent platforms artificial intelligence agent platforms ai agent platforms guide best ai agent platforms ai agent platforms solutions,ai agent platforms | artificial intelligence agent platforms | ai agent platforms guide | best ai agent platforms | ai agent platforms solutions,"The future of work is already here, and it looks a lot more like a helpful teammate than a science fiction movie. While we used to dream about robots doing our chores, today we are seeing real tools that handle complex tasks right in our offices....

...These clever digital helpers are moving out of the world of imagination and into our daily routines, making our jobs smoother and more exciting than ever before.",37,1
article_113f9f3fa8dd,how-ai-agents-are-changing-the-world-top-use-cases-in-2026,How AI Agents Are Changing the World: Top Use Cases in 2026,2026-07-09,10,en,en_US,IT,Learn more here. learn about AI Agent,How AI Agents Are Changing the World: Top Use Cases in 2026,ai agent 2026 ai agent ai agent use cases best ai agent 2026 artificial intelligence agent,ai agent 2026 | ai agent | ai agent use cases | best ai agent 2026 | artificial intelligence agent,"Welcome to 2026, the year our software finally started thinking for itself to make our lives easier! It is an incredibly exciting time to watch how we interact with technology. We have moved far beyond the days of simple apps that only do exactly what they are told....

...Today, we are seeing the incredible rise of autonomous systems that do not just follow instructions, they actually understand goals.",39,1
article_28d17e97bfe8,how-automation-equipment-manufacturer-product-testing-makes-your-world-safer-in-2026,How Automation Equipment Manufacturer Product Testing Makes Your World Safer in 2026,2026-06-19,11,en,en_US,DE | FR | IT | JP,Learn more here. learn about Automation Equipment Manufacturer,How Automation Equipment Manufacturer Product Testing Makes Your World Safer in 2026,automation equipment manufacturer 2026 automation equipment manufacturer automation equipment manufacturer guide best automation equipment manufacturer,automation equipment manufacturer 2026 | automation equipment manufacturer | automation equipment manufacturer guide | best automation equipment manufacturer,"Have you ever wondered why your smartphone screen stays so clear or how your car knows exactly when to brake during a sudden stop? It often feels like magic, but the secret is actually a team of hidden robot helpers working behind the scenes....

...In 2026, automation equipment manufacturer product testing has become the invisible force that makes sure the gadgets we love work perfectly every single time we use them.",35,1
article_cd9293929ca0,how-modern-waste-management-companies-keep-our-neighborhoods-clean-and-green-in-2026,How Modern Waste Management Companies Keep Our Neighborhoods Clean and Green in 2026,2026-07-09,9,en,en_US,US,Learn more here. Learn about Waste Management Companies,How Modern Waste Management Companies Keep Our Neighborhoods Clean and Green in 2026,waste management companies 2026 waste management companies waste management companies guide best waste management companies waste management companies solutions,waste management companies 2026 | waste management companies | waste management companies guide | best waste management companies | waste management companies solutions,"Good morning! Imagine stepping outside onto your porch and seeing your neighborhood looking bright and tidy. The sun is shining, the streets are clear, and everything is right where it should be. This wonderful sense of order does not happen by accident....

...It is all thanks to the dedicated teams who work behind the scenes every single day to keep our communities sparkling and healthy.",33,1
article_a00436e18653,how-to-get-powerful-insights-on-application-security,How to Get Powerful Insights on Application Security,2026-02-11,11,en,en_US,CA | DE | FR | GB | IT | US,Learn more here. learn about application security posture,How to Get Powerful Insights on Application Security - Discovaz,application security posture application security posture guide best application security posture application security posture solutions,application security posture | application security posture guide | best application security posture | application security posture solutions,"Ever wonder how a tiny bug in an app becomes a huge security problem? We'll show you how to turn confusing security data from logs, scans, and alerts into clear, useful insights. Learn to spot the real risks and protect your applications without being a security expert.",43,1
article_aab3d61af8fe,how-to-learn-broadly-about-ai-automation-solutions-in-2026,How to Learn Broadly About AI Automation Solutions in 2026,2026-06-15,11,en,en_US,CA | US,Learn More. Learn broadly about AI Automation,How to Learn Broadly About AI Automation Solutions in 2026 - Discovaz,ai automation 2026 ai automation ai automation guide artificial intelligence automation,ai automation 2026 | ai automation | ai automation guide | artificial intelligence automation,"Welcome to 2026, where the dream of working less and living more is finally becoming a reality! It is a wonderful time to be alive as technology shifts from being a tool we have to manage into a partner that helps us thrive....

...Today, we are seeing a massive change in how we get things done, moving away from repetitive chores and toward creative, meaningful work that actually makes us happy.",36,1
article_c1e6cb71c41f,how-to-make-ai-virtual-agents-without-coding,How to Make AI Virtual Agents Without Coding,2026-06-04,10,en,,CA | DE | FR | GB | IT | JP | US,Learn more. Read more info on AI Virtual Agents,How to Make AI Virtual Agents Without Coding - InfoQo,ai virtual agents artificial intelligence virtual agents ai virtual agent ai virtual agents guide best ai virtual agents ai virtual agents solutions,ai virtual agents | artificial intelligence virtual agents | ai virtual agent | ai virtual agents guide | best ai virtual agents | ai virtual agents solutions,"Imagine having a personal superhero at work who never sleeps, never gets tired, and knows exactly where every piece of information is stored. While this might sound like science fiction, it is exactly what happens when you make ai virtual agents for your business....

...These digital helpers are changing the way we work by taking over the heavy lifting of daily tasks, allowing you to focus on the creative parts of your job.",35,1
article_4b08817da07e,how-to-start-game-skin-trading-in-99-nights,How to Start Game Skin Trading in 99 Nights,2026-03-13,10,en,en_US,CA | DE | FR | GB | US,Learn more here. learn about game skins trading,How to Start Game Skin Trading in 99 Nights - Discovaz,game skins trading game skins trading guide best game skins trading game skins trading information,game skins trading | game skins trading guide | best game skins trading | game skins trading information,"Ready to trade cool skins and items in 99 Nights in the Forest? It all starts with surviving the dark woods and meeting the mysterious Pelt Trader. We'll show you how to turn animal pelts into valuable gear, build an awesome inventory, and start making smart, safe trades with other Roblox players....

...Let's begin!",42,1
article_473f0dca7818,how-to-start-game-skin-trading-simple-steps-for-beginners,How to Start Game Skin Trading: Simple Steps for Beginners,2026-02-13,16,en,en_US,CA | DE | GB | US,Learn more here. learn about game skin trading,How to Start Game Skin Trading: Simple Steps for Beginners - Discovaz,game skin trading game skin trading guide best game skin trading game skin trading information,game skin trading | game skin trading guide | best game skin trading | game skin trading information,"Ready to dive into the world of game skins? Learn how to start game skin trading with this easy, step-by-step guide. We cover everything from setting up your account to making your first trade in CS2 safely and smartly.",56,1
article_3a1976cc7517,i-want-to-start-my-own-business-what-should-i-do,I Want to Start My Own Business: What Should I Do?,2026-06-18,10,en,en_US,IT | JP,Learn more here. learn about start my own business,I Want to Start My Own Business: What Should I Do? - Discovaz,start my own business how to start my own business start my own business guide best start my own business start my own business information,start my own business | how to start my own business | start my own business guide | best start my own business | start my own business information,"Thinking about becoming your own boss is such an exciting milestone. You have a vision, a passion, and a dream to build something from the ground up. If you are sitting at your kitchen table wondering, i want to start my own business what should i do, you have come to the right place....

...Starting a company is a big adventure, and every great adventure needs a solid map to ensure you reach your destination safely.",34,1
article_854a82e21a50,individuelle-bauplane-einfach-mit-software-erstellen,Individuelle Baupläne einfach mit Software erstellen,2026-04-15,7,de,de_DE,DE,Erfahre mehr. Erfahre mehr uber Bausoftware,Individuelle Baupläne einfach mit Software erstellen,wie man bausoftware bausoftware ratgeber beste bausoftware bausoftware informationen,wie man bausoftware | bausoftware ratgeber | beste bausoftware | bausoftware informationen,"Du willst eigene Bauideen sauber planen, ohne dich sofort in komplizierte Technik zu verlieren? Mit der richtigen Bausoftware wird aus einer groben Skizze ein klarer Grundriss, später ein 3D-Modell und am Ende sogar eine Vorlage für den Bauantrag....

...Hier erfährst du, wie das Schritt für Schritt klappt.",39,1
article_cddbd75ca5a3,learn-broadly-about-ai-automation,Learn broadly about AI automation,2025-11-07,5,en,en_US,CA | GB | US,Learn More. Learn broadly about AI Automation | Discover more here. learn about Ai automation,Learn broadly about AI automation - Discovaz,ai automation ai automation guide artificial intelligence automation best ai automation ai automation solutions,ai automation | ai automation guide | artificial intelligence automation | best ai automation | ai automation solutions,AI automation is reshaping our world. This technology not only boosts productivity but also presents new challenges. What does this mean for jobs and efficiency?,22,1
article_7184289c5693,learn-broadly-about-energy-management-tools,Learn Broadly About Energy Management Tools,2026-05-19,9,en,en_US,GB | US,Learn more here. learn about Energy Management Tools,Learn Broadly About Energy Management Tools - Discovaz,energy management tools energy management tools guide energy management tool best energy management tools energy management tools solutions,energy management tools | energy management tools guide | energy management tool | best energy management tools | energy management tools solutions,"Maya’s fingers trembled as she unfolded the latest electric bill. The number staring back was up another twelve bucks—on top of last month’s jump—and she hadn’t bought a single new gadget. Across Europe, families just like hers saw the same sticker shock when utility bills rose 10–15 percent in 2025....

...The good news? Free, friendly energy helpers are only a click away, ready to sniff out waste and shrink those numbers without anyone needing an engineering degree.",33,1
article_922a7ecb1928,learn-broadly-on-custom-build-software-your-journey-to-digital-success,Learn Broadly on Custom Build Software: Your Journey to Digital Success,2026-06-01,11,en,en_US,CA | DE | FR | GB | IT | JP | US,Learn more here. learn about Custom build software | Learn more. Read more info on Custom build software | learn more. Read more about custom build software | Learn more here. Start learning about Custom Build Software,Learn Broadly on Custom Build Software: Your Journey to Digital Success - Discovaz,custom build software custom build software guide custom software custom software solutions,custom build software | custom build software guide | custom software | custom software solutions,"Welcome to the exciting world of digital creation! Building your own software is a lot like building a custom dream home. Instead of moving into an apartment where the walls are already painted and the layout is fixed, you get to decide exactly where every room goes....

...You can make the kitchen as big as you want and ensure every window lets in the perfect amount of light. When you learn broadly on custom build software, you are learning how to design a digital space that fits your specific needs perfectly.",34,1
article_d3f334e0b7fb,learn-broadly-on-electronic-test-equipment-in-2026,Learn Broadly on Electronic Test Equipment in 2026,2026-06-24,10,en,en_US,DE | FR | IT,Learn more here. learn about electronic test equipment,Learn Broadly on Electronic Test Equipment in 2026 - Discovaz,electronic test equipment 2026 electronic test equipment electronic test equipment guide best electronic test equipment electronic test equipment information,electronic test equipment 2026 | electronic test equipment | electronic test equipment guide | best electronic test equipment | electronic test equipment information,"Welcome to the bright and bustling world of electronics in 2026! If you have ever wondered how your favorite gadgets work or dreamed of building your own smart devices, there has never been a better time to start....

...Setting up a home lab used to require a mountain of heavy, expensive gear, but today, the landscape has changed. Modern tools are sleeker, smarter, and more integrated than ever before, making it easy for anyone to learn broadly on electronic test equipment without feeling overwhelmed.",34,1
article_7fae7874eaac,learn-how-to-build-jersey-with-builder-software-for-your-team,Learn How to Build Jersey With Builder Software for Your Team,2026-07-03,11,en,en_US,CA | DE | FR | GB | IT | US,Learn more. Read more info on builder software,Learn How to Build Jersey With Builder Software for Your Team - Discovaz,builder software builder software guide best builder software builder software solutions,builder software | builder software guide | best builder software | builder software solutions,"Welcome to the exciting era of 2026, where becoming the lead designer for your team is as easy as opening your laptop. Gone are the days of sketching ideas on napkins and hoping a factory can guess what you meant....

...Today, you have incredible power at your fingertips to create professional, eye-catching gear that looks just as good on the field as it does on your screen.",39,1
article_d02e5cf1d664,learn-how-to-build-your-dream-car-with-free-autodesk-construction-software,Learn How to Build Your Dream Car With Free Autodesk Construction Software,2026-05-15,10,en,en_US,US,Learn More. Read more info about building your own car with construction software,Learn How to Build Your Dream Car With Free Autodesk Construction Software,building your own car with construction software building your own car with construction software guide best building your own car with construction software building your own car with construction software solutions,building your own car with construction software | building your own car with construction software guide | best building your own car with construction software | building your own car with construction software solutions,"Picture this: your dream car sits in your driveway, sleek curves catching the morning sun, paint sparkling just the way you imagined. Now picture this—you designed every inch of it yourself, right from your kitchen table, without spending a penny on fancy software....

...Sounds wild, right?",39,1
article_0820260c352c,learn-how-to-get-car-parts-through-product-promotion,Learn How to Get Car Parts Through Product Promotion,2026-05-07,9,en,en_US,CA | DE | GB | US,Learn more here. learn about Product Promotion,Learn How to Get Car Parts Through Product Promotion - Discovaz,product promotion product promotion guide best product promotion product promotion information,product promotion | product promotion guide | best product promotion | product promotion information,Imagine a dusty Plymouth Duster part sitting on a garage shelf. Now picture that same $50 piece quietly paying your rent for the next five years. That is exactly what happened to one small parts seller who learned how to get products like car parts through product promotion using the snowball method.,31,1
article_f1a566d14acf,learn-how-to-get-products-with-brand-advertising,Learn How to Get Products With Brand Advertising,2026-05-13,10,en,en_US,CA | GB | US,Learn More. Learn how to get products with brand advertising,Learn How to Get Products With Brand Advertising - Discovaz,get products with brand advertising how to get products with brand advertising get products with brand advertising guide best get products with brand advertising,get products with brand advertising | how to get products with brand advertising | get products with brand advertising guide | best get products with brand advertising,"Last summer Maya grabbed a bright yellow T-shirt at a neighborhood fair. She wore it every week, washed it, and wore it again. Fourteen months later the shirt still rides along on her morning walks, flashing the same tiny logo on the chest....

...That logo has been seen at the grocery, the park, and dozens of Instagram stories, all for the cost of one giveaway shirt.",41,1
article_e714eb389288,learn-how-to-start-in-game-skin-trading-in-2026,Learn How to Start in Game Skin Trading in 2026,2026-07-13,12,en,en_US,FR | IT,Learn more here. Learn about Start Skin Trading,Learn How to Start in Game Skin Trading in 2026 - Discovaz,start skin trading 2026 start skin trading how to start skin trading start skin trading guide,start skin trading 2026 | start skin trading | how to start skin trading | start skin trading guide,"Welcome to the high energy world of digital collectibles! If you have ever played CS2 and admired a teammate's vibrant weapon finish, you have already seen the appeal of skin trading. In 2026, this hobby is bigger than ever, offering a fun way to customize your gaming experience while joining a massive global community of enthusiasts....

...Whether you are looking for a sleek factory new finish or a battle scarred veteran look, there is a place for everyone in this digital marketplace.",39,1
article_2e8dcc38d962,learn-more-about-build-your-own-ai-agent-ecommerce,Learn More About Build Your Own AI Agent Ecommerce,2026-07-09,12,en,en_US,DE | FR | IT,Learn more here. learn about build your own AI agent ecommerce,Learn More About Build Your Own AI Agent Ecommerce - Discovaz,build your own ai agent ecommerce how to build your own ai agent ecommerce build your own ai agent ecommerce guide build your own artificial intelligence agent ecommerce,build your own ai agent ecommerce | how to build your own ai agent ecommerce | build your own ai agent ecommerce guide | build your own artificial intelligence agent ecommerce,"Welcome to the exciting world of AI automation! It is 2026, and we have officially entered the year of the citizen developer in ecommerce. You no longer need a deep background in computer science to build powerful tools for your online store....

...Today, anyone with a great idea and a little bit of curiosity can learn more about build your own ai agent ecommerce to transform how they do business.",39,1
article_97903f258d8f,learn-more-about-steal-a-brainrot-trading-how-the-trader-shake-up-changed-everything,Learn More About Steal a Brainrot Trading: How the Trader Shake-Up Changed Everything,2026-05-13,8,en,en_US,CA | DE | FR | GB | IT,Learn more here. learn about game skins trading | Learn more here. learn about steal a brainrot trading,Learn More About Steal a Brainrot Trading: How the Trader Shake-Up Changed Everything - Discovaz,game skins trading game skins trading guide best game skins trading game skins trading information,game skins trading | game skins trading guide | best game skins trading | game skins trading information,"Early risers on Saturday, November 15, 2025, rubbed their eyes when the familiar Brainrot Dealer vanished and a mysterious blue-hooded figure stood in his place.",39,1
article_7a4af666a6d2,make-ai-automation-how-anyone-can-build-smart-agents-in-minutes,Make AI Automation: How Anyone Can Build Smart Agents in Minutes,2026-04-16,8,en,en_US,CA | GB | US,Learn more here. Learn about Make AI Automation,Make AI Automation: How Anyone Can Build Smart Agents in Minutes - Discovaz,make ai automation how to make ai automation make artificial intelligence automation make ai automation guide best make ai automation make ai automation solutions,make ai automation | how to make ai automation | make artificial intelligence automation | make ai automation guide | best make ai automation | make ai automation solutions,"Picture Ms. Carter, a seventh-grade English teacher who used to spend Sunday nights marking essays. Last semester she opened Make on her laptop, dragged a few colorful blocks together, and built an AI agent that grades every paper before Monday breakfast—no coding class, no help-desk ticket....

...Her students get feedback faster, and she gets her weekend back.",36,1
article_12e59a3b383c,medizinische-software-2026-entdecken-wie-smarte-technik-deine-gesundheit-schutzt,Medizinische Software 2026 entdecken: Wie smarte Technik deine Gesundheit schützt,2026-06-04,9,de,de_DE,DE,Mehr erfahren. Lesen Sie mehr uber medizinische Software 2026,Medizinische Software 2026 entdecken: Wie smarte Technik deine Gesundheit schützt - Discovaz,medizinische software 2026 medizinische software 2026 ratgeber beste medizinische software 2026 medizinische software 2026 informationen,medizinische software 2026 | medizinische software 2026 ratgeber | beste medizinische software 2026 | medizinische software 2026 informationen,"Willkommen in der Zukunft der Medizin! Stell dir vor, du hast kleine, unsichtbare Helfer an deiner Seite, die Tag und Nacht über dein Wohlbefinden wachen. Im Jahr 2026 ist das keine Science-Fiction mehr, sondern Realität....

...Ob auf dem Smartphone, dem Tablet oder direkt im Krankenhaus, moderne Programme unterstützen uns heute besser denn je dabei, gesund zu bleiben oder schnell wieder fit zu werden.",36,1
article_1061eac1f4b2,online-brand-promotion-a-simple-introduction-to-getting-noticed,Online Brand Promotion: A Simple Introduction to Getting Noticed,2025-11-26,9,en,en_US,CA | GB | US,Learn more here. learn about Online Brand Promotion,Online Brand Promotion: A Simple Introduction to Getting Noticed - Discovaz,online brand promotion online brand promotion guide best online brand promotion online brand promotion information,online brand promotion | online brand promotion guide | best online brand promotion | online brand promotion information,"Ever wonder how some names just pop up everywhere online? It’s not magic, it’s online brand promotion! Think of it as sharing your story with the world, one click at a time. This is your friendly starting point for understanding how to build connections and grow your presence in the digital age, without all the confusing jargon.",34,1
article_6f4a16937dad,online-food-mba-programs-no-gmat-flexible-residencies-bigger-paychecks,"Online Food MBA Programs: No GMAT, Flexible Residencies, Bigger Paychecks",2026-04-28,9,en,en_US,CA | GB | US,Learn more here. learn about Online Food MBA Programs,"Online Food MBA Programs: No GMAT, Flexible Residencies, Bigger Paychecks - Discovaz",online food mba programs online food mba programs guide best online food mba programs online food mba programs information,online food mba programs | online food mba programs guide | best online food mba programs | online food mba programs information,Picture this: a product manager in a Napa Valley test kitchen bites into a new oat bar while her laptop streams a live lecture on flavor trends. She is not on vacation; she is clocking residency hours for her online food MBA program.,39,1
article_6f533ba49a26,sell-more-products-from-your-inbox-a-simple-email-plan,Sell More Products from Your Inbox: A Simple Email Plan,2026-02-05,12,en,en_US,CA | GB | US,Learn more here. learn about Getting Products via Email Marketing,Sell More Products from Your Inbox: A Simple Email Plan - Discovaz,getting products via email marketing getting products via email marketing guide best getting products via email marketing getting products via email marketing information,getting products via email marketing | getting products via email marketing guide | best getting products via email marketing | getting products via email marketing information,"Ever wonder if you could sell more products just by sending emails? You can! This is your simple, step-by-step plan to turn your email list into a reliable sales machine, no matter how small your budget or list is....

...Let's get started and move some products from your inbox.",47,1
article_652e04bc4116,sme-phone-packages-2026-5-rock-bottom-plans-under-15-that-still-work,SME Phone Packages 2026: 5 Rock-Bottom Plans Under $15 That Still Work,2026-05-05,9,en,,US,"Learn more. Hurry, Learn more about sme phone packages on the site.",SME Phone Packages 2026: 5 Rock-Bottom Plans Under $15 That Still Work - InfoQo,sme phone packages 2026 best phone systems 2026 smb phone package phone packages for smb phone packages for smb for you 2026,sme phone packages 2026 | best phone systems 2026 | smb phone package | phone packages for smb | phone packages for smb for you 2026,"Picture this: you’re slurping ramen between sales calls, praying the phone doesn’t drop while you pitch your biggest lead. Good news—2026 sme phone packages let you sound like a Fortune 500 firm for less than the cost of those noodles....

...Thanks to fierce competition and T-Mobile’s crowd-pleasing network—crowned best in the U.S. by Ookla’s 2H 2025 data—reliable business voice now lives in the $0-$15 sweet spot.",36,1
article_144b4d10f292,sme-phone-packages-explained-types-features-and-costs,"SME Phone Packages Explained: Types, Features, and Costs",2026-03-25,10,en,en_US,US,Learn more here. Explore more about SME Phone Packages,"SME Phone Packages Explained: Types, Features, and Costs",sme phone packages sme phone packages features smb phone packages small business phone packages sme phone package business phone packages,sme phone packages | sme phone packages features | smb phone packages | small business phone packages | sme phone package | business phone packages,Finding the perfect phone setup for your small or midsize business makes a huge difference. Good communication tools keep your team connected and your customers happy. We break down the basics of business phone systems so you can compare options and pick the best fit with total confidence.,42,1
article_eca4df82c8c8,the-best-use-cases-of-ai-phone-agents-in-2026-from-nasa-robots-to-happy-customers,The Best Use Cases of AI Phone Agents in 2026: From NASA Robots to Happy Customers,2026-07-01,11,en,en_US,DE | FR | IT | JP,Learn more here. learn about AI Phone Agent,The Best Use Cases of AI Phone Agents in 2026: From NASA Robots to Happy Customers - Discovaz,ai phone agent 2026 ai phone agent ai phone agent use cases best ai phone agent 2026 artificial intelligence phone agent,ai phone agent 2026 | ai phone agent | ai phone agent use cases | best ai phone agent 2026 | artificial intelligence phone agent,"Hello there! Have you ever called a customer service line only to get stuck in a maze of buttons? We have all been there, pressing zero over and over just to talk to a real person. In the past, those old phone menus felt like talking to a brick wall....

...But here in 2026, things have changed for the better. Now, when you pick up the phone, you are more likely to hear a friendly, helpful voice that actually understands what you need.",37,1
article_c04387cbe18d,the-complete-guide-to-home-elevators,The Complete Guide to Home Elevators,2026-04-02,11,en,en_US,US,Learn More. Read more info about home elevator,The Complete Guide to Home Elevators,home elevator home elevator guide best home elevator home elevator information,home elevator | home elevator guide | best home elevator | home elevator information,"Curious about improving your multi-story house? Adding a residential elevator brings incredible accessibility, deep comfort, and amazing convenience to your daily routine. Explore the most popular types, essential safety codes, and handy planning tips for your upcoming home upgrade.",44,1
article_4757cae8b291,the-friendly-world-of-boxes-and-bottles-general-knowledge-of-packaging-industry,The Friendly World of Boxes and Bottles: General Knowledge of Packaging Industry,2026-07-10,12,en,en_US,DE | FR | IT,Learn more here. learn about Packaging Industry,The Friendly World of Boxes and Bottles: General Knowledge of Packaging Industry - Discovaz,packaging industry packaging industry guide best packaging industry packaging industry information,packaging industry | packaging industry guide | best packaging industry | packaging industry information,"Hello there! Think about the last time you sat down to enjoy your favorite snack. Whether you were popping open a bag of crunchy chips or unsnapping the lid of a cold drink, you were interacting with a silent hero of our daily lives....

...This is the wonderful world of packaging, a vital industry that works hard to make sure your goods stay safe, fresh, and clean from the moment they leave a factory until they reach your hands.",38,1
article_66f862f161ea,top-use-cases-of-ai-phone-agent-in-2026-from-nasa-to-your-local-farm,Top Use Cases of AI Phone Agent in 2026: From NASA to Your Local Farm,2026-06-22,12,en,,CA | US,Learn more. Read more info on ai phone agent,Top Use Cases of AI Phone Agent in 2026: From NASA to Your Local Farm - InfoQo,ai phone agent 2026 ai phone agent ai phone agent use cases best ai phone agent 2026 artificial intelligence phone agent,ai phone agent 2026 | ai phone agent | ai phone agent use cases | best ai phone agent 2026 | artificial intelligence phone agent,"Imagine it is midnight on a Tuesday and you suddenly need to change your flight or check on a late delivery. In the past, you might have faced a long night of waiting for a call center to open. Today, a friendly voice greets you instantly, ready to help with a smile you can almost hear....

...This is the new world of technology where getting help is fast, easy, and always available.",39,1
article_eb01dc71080e,understanding-ai-virtual-agents-transforming-communication,Understanding AI virtual agents: Transforming communication,2025-11-03,6,en,en_US,CA | FR | GB | IT | US,Learn more here. learn about AI Virtual Agents,Understanding AI virtual agents: Transforming communication - Discovaz,ai virtual agents ai virtual agents guide artificial intelligence virtual agents ai virtual agent,ai virtual agents | ai virtual agents guide | artificial intelligence virtual agents | ai virtual agent,"Did you know that by 2025, it’s estimated that 95% of customer interactions will be managed by AI? Discover how AI virtual agents are reshaping our world today.",28,1
article_fc05d781c92f,understanding-skins-construction-software-a-2026-flat-rate-guide,Understanding Skins Construction Software: A 2026 Flat-Rate Guide,2026-05-21,8,en,en_US,CA | GB | US,Learn more here. learn about Skins Construction Software | Learn more. Read more info on Skins Construction Software,Understanding Skins Construction Software: A 2026 Flat-Rate Guide - Discovaz,skins construction software 2026 skins construction software skins construction software guide best skins construction software skins construction software solutions,skins construction software 2026 | skins construction software | skins construction software guide | best skins construction software | skins construction software solutions,"Picture this: a 20-person crew just hired five new teammates. Overnight, their software bill leaps from $18,000 a year to $22,500—because every extra login adds another $75 a month. The owner groans, wondering if growth is worth the penalty....

...What if the bill stayed flat no matter how many people you add?",28,1
article_8e55785f0382,use-cases-of-ai-assistants-everyday-help-you-can-trust,Use Cases of AI Assistants: Everyday Help You Can Trust,2026-05-22,7,en,en_US,FR | IT,Learn more. Read more info on AI Assistants,Use Cases of AI Assistants: Everyday Help You Can Trust - Discovaz,ai assistants ai assistants use cases artificial intelligence assistants ai assistant,ai assistants | ai assistants use cases | artificial intelligence assistants | ai assistant,"Picture a mom tapping her phone while her kids tug at her sleeves. In seconds, she rebooks a storm-cancelled flight, chooses seats, and adds a free snack coupon. Down the hall, her teen snaps a photo of tonight’s homework, asks, ""Is this equation right?"" and hears a friendly, ""Yes, but flip the minus sign.""...

...Meanwhile, Grandpa wonders if his chest ache is worth the ER. He asks the little speaker on the table and is told, ""Call 911 now."" These tiny everyday wins are all use cases of AI assistants already living in our pockets and on our counters.",29,1
article_7c729077e894,use-cases-of-ai-virtual-agents-23-real-world-examples,Use Cases of AI Virtual Agents: 23 Real-World Examples,2026-05-01,9,en,,CA | DE | FR | GB | IT | US,Learn more. Read more info on AI Agents | Learn more. Read more info on AI Virtual Agents,Use Cases of AI Virtual Agents: 23 Real-World Examples - InfoQo,ai agents ai agents use cases artificial intelligence agents ai agent,ai agents | ai agents use cases | artificial intelligence agents | ai agent,"Picture the office lights dimming, the last human footsteps echoing down the hall, and then—click—a quiet army of digital workers clocks in. They don’t need coffee breaks, they don’t yawn, and they certainly don’t mind the night shift....

...These are AI virtual agents, and their job is to keep the world humming while we dream.",27,1
article_160f2ea5f8f0,virtuelle-ki-agenten-digitale-helfer-erforschen-neue-moglichkeiten,Virtuelle KI-Agenten: Digitale Helfer erforschen neue Möglichkeiten,2026-04-06,9,de,de_DE,DE,Erfahren Sie mehr. Lesen Sie mehr über KI-gestützte virtuelle Agenten.,Virtuelle KI-Agenten: Digitale Helfer erforschen neue Möglichkeiten,ki gestützte virtuelle agenten ki gestützte virtuelle agenten ratgeber beste ki gestützte virtuelle agenten ki gestützte virtuelle agenten informationen,ki gestützte virtuelle agenten | ki gestützte virtuelle agenten ratgeber | beste ki gestützte virtuelle agenten | ki gestützte virtuelle agenten informationen,"Stell dir vor, du hast ein Team aus winzigen digitalen Helfern. Sie recherchieren, schreiben und lösen knifflige Probleme. Willkommen in der spannenden Welt der virtuellen KI-Agenten! Lass uns gemeinsam entdecken, wie diese schlauen Programme unsere Zukunft auf magische Weise gestalten.",41,1
article_bd0c490fe61d,want-to-start-a-business-from-home-simple-insights-to-get-you-going,Want To Start A Business From Home? Simple Insights To Get You Going,2026-02-05,13,en,en_US,DE | FR | IT,Learn more here. learn about Want Start Business from Home,Want To Start A Business From Home? Simple Insights To Get You Going - Discovaz,want start business from home want start business from home guide best want start business from home want start business from home information,want start business from home | want start business from home guide | best want start business from home | want start business from home information,"Dreaming of being your own boss without leaving the house? Starting a small business from home can give you freedom and extra income. We'll walk you through simple steps to pick an idea, handle the basics like licenses and taxes in the U.S.,...

...manage your money, and find your first customers. Let's begin!",54,1
article_3d066bd81eb9,weitere-informationen-von-ki-virtual-agents-die-zukunft-des-kundenservice-im-jahr-2026,Weitere Informationen von KI Virtual Agents: Die Zukunft des Kundenservice im Jahr 2026,2026-06-18,10,de,de_DE,DE,Mehr erfahren. Weitere Informationen uber KI Virtual Agents lessen,Weitere Informationen von KI Virtual Agents: Die Zukunft des Kundenservice im Jahr 2026 - Discovaz,ki virtual agents 2026 ki virtual agents ki virtual agents ratgeber beste ki virtual agents ki virtual agents informationen,ki virtual agents 2026 | ki virtual agents | ki virtual agents ratgeber | beste ki virtual agents | ki virtual agents informationen,"Willkommen im Jahr 2026, einer Zeit, in der exzellenter Service schneller und persönlicher ist als je zuvor. In dieser dynamischen Welt ist künstliche Intelligenz längst kein Luxus mehr für Technik-Pioniere, sondern ein unverzichtbarer Begleiter für jedes Unternehmen, das seine Kunden glücklich machen möchte....

...Wer heute wettbewerbsfähig bleiben will, kommt an modernen Lösungen nicht vorbei.",38,1
article_ce702c888a74,wie-man-mit-bausoftware-ein-individuelles-auto-erstellt,Wie man mit Bausoftware ein individuelles Auto erstellt,2025-11-13,5,de,de_DE,DE,Mehr erfahren. Lesen Sie weitere Informationen über Bausoftware,Wie man mit Bausoftware ein individuelles Auto erstellt - Discovaz,wie man bausoftware bausoftware ratgeber beste bausoftware bausoftware informationen,wie man bausoftware | bausoftware ratgeber | beste bausoftware | bausoftware informationen,"Haben Sie schon einmal davon geträumt, Ihr eigenes Auto zu entwerfen? Mit Bausoftware können Sie diesen Traum verwirklichen! In diesem Artikel erfahren Sie, wie Sie vom ersten Design bis zur Umsetzung gelangen.",24,1
